"House of Wax","Charles Belden","Jaume Collet-Serra","Elisha Cuthbert"
"The House of Yes","Wendy MacLeod","Mark Waters","Parker Posey"
"House of the Dead","Mark Altman","Uwe Boll","Jonathan Cherry"
"The House of the Spirits"," "," ",""
"House on Haunted Hill","Robb White","William Castle","Vincent Price"
"House on Haunted Hill","Dick Beebe","William Malone","Geoffrey Rush"
"The House on Turk Street"," "," ",""
"How Green Was My Valley","Philip Dunne","John Ford","Walter Pidgeon"
"How High","Dustin Abraham","Jesse Dylan","Method Man"
"How Stella Got Her Groove Back","Ronald Bass","Kevin Sullivan","Angela Bassett"
"How the Grinch Stole Christmas","Jeffrey Price","Ron Howard","Jim Carrey"
"How the West Was Won","John Gay","John Ford","Carroll Baker"
"How to Deal","Neena Beber","Clare Kilner","Mandy Moore"
"How to Kill Your Neighbor's Dog","Michael Kalesniko","Michael Kalesniko","Kenneth Branagh"
"How to Lose a Guy in 10 Days","Michele Alexander","Donald Petrie","Kate Hudson"
"How to Steal a Million","George Bradshaw","William Wyler","Audrey Hepburn"
"Howard the Duck","Steve Gerber","Willard Huyck","Lea Thompson"
"The Howling","Gary Brandner","Joe Dante","Dee Wallace"
"Hsi yen"," "," ",""
"Hud"," Frank","Martin Ritt","Paul Newman"
"Hudson Hawk"," de","Michael Lehmann","Bruce Willis"
"The Hudsucker Proxy","Ethan Coen","Ethan Coen","Tim Robbins"
"Hulk","Michael France","Ang Lee","Eric Bana"
"The Hunchback of Notre Dame","Christine Blum","Gary Trousdale","Jason Alexander"
"The Hunt for Red October","Tom Clancy","John McTiernan","Sean Connery"
"The Hurricane","Armyan Bernstein","Norman Jewison","Denzel Washington"
"Husbands and Wives","Woody Allen","Woody Allen","Nick Metropolis"
"Hush... Hush  Sweet Charlotte"," "," ",""
"The Hustler","Sidney Carroll","Robert Rossen","Paul Newman"
"I Am Sam","Kristine Johnson","Jessie Nelson","Sean Penn"
"I Am a Fugitive from a Chain Gang","Robert Burns","Mervyn LeRoy","Paul Muni"
"I Capture the Castle","Dodie Smith","Tim Fywell","Romola Garai"
"I Come in Peace"," "," ",""
"I Dreamed of Africa","Kuki Gallmann","Hugh Hudson","Kim Basinger"
"I Heart Huckabees","Jeff Baena","David Russell","Jason Schwartzman"
"The I Inside"," "," ",""
"I Know What You Did Last Summer","Lois Duncan","Jim Gillespie","Jennifer Hewitt"
"I Spy","Morton Fine","Betty Thomas","Eddie Murphy"
"I Still Know What You Did Last Summer","Trey Callaway","Danny Cannon","Jennifer Hewitt"
"I'm with Lucy","Eric Pomerance","Jon Sherman","Monica Potter"
"I  Robot","Isaac Asimov","Alex Proyas","Will Smith"
"Ice Age","Peter Ackerman","Carlos Saldanha","Ray Romano"
"The Ice Pirates","Stewart Raffill","Stewart Raffill","Robert Urich"
"The Ice Storm","Rick Moody","Ang Lee","Kevin Kline"
"An Ideal Husband","Oliver Parker","Oliver Parker","Peter Vaughan"
"Identity","Michael Cooney","James Mangold","John Cusack"
"Idle Hands","Terri Hughes","Rodman Flender","Devon Sawa"
"Igby Goes Down","Burr Steers","Burr Steers","Kieran Culkin"
"Imitation of Life","Eleanore Griffin","Douglas Sirk","Lana Turner"
"The Importance of Being Earnest","Oliver Parker","Oliver Parker","Rupert Everett"
"Impostor"," "," ",""
"In & Out","Paul Rudnick","Frank Oz","Kevin Kline"
"In Cold Blood","Richard Brooks","Richard Brooks","Robert Blake"
"The In Crowd","Mark Gibson","Mary Lambert","Susan Ward"
"In Dreams","Neil Jordan","Neil Jordan","Annette Bening"
"In This World","Tony Grisoni","Michael Winterbottom","Jamal Torabi"
"In Too Deep","Paul Aaron","Michael Rymer","Omar Epps"
"In the Bedroom","Andre Dubus","Todd Field","Tom Wilkinson"
"In the Company of Men","Neil LaBute","Neil LaBute","Aaron Eckhart"
"In the Cut","Jane Campion","Jane Campion","Jennifer Leigh"
"In the Heat of the Night","John Ball","Norman Jewison","Sidney Poitier"
"In the Line of Fire","Jeff Maguire","Wolfgang Petersen","Clint Eastwood"
"In the Mouth of Madness"," De","John Carpenter","Sam Neill"
"The Incredible Shrinking Man","Richard Matheson","Jack Arnold","Grant Williams"
"The Incredibles","Brad Bird","Brad Bird","Craig Nelson"
"The Incredibly Strange Creatures Who Stopped Living and Became Mixed-Up Zombies!!?","E.M. Kevke","Ray Steckler","Ray Steckler"
"The Incredibly True Adventure of Two Girls in Love","Maria Maggenti","Maria Maggenti","Laurel Holloman"
"Indecent Proposal","Jack Engelhard","Adrian Lyne","Robert Redford"
"Independence Day","Dean Devlin","Roland Emmerich","Will Smith"
"The Indian in the Cupboard","Lynne Banks","Frank Oz","Hal Scardino"
"Indiana Jones and the Last Crusade","Jeffrey Boam","Steven Spielberg","Harrison Ford"
"Indiana Jones and the Temple of Doom","Willard Huyck","Steven Spielberg","Harrison Ford"
"Inferno","Dario Argento","Dario Argento","Leigh McCloskey"
"The Insider","Marie Brenner","Michael Mann","Al Pacino"
"Insomnia","Nikolaj Frobenius","Christopher Nolan","Al Pacino"
"Inspector Gadget","Bruno Bianchi","David Kellogg","Matthew Broderick"
"Instinct"," Di","Jon Turteltaub","Anthony Hopkins"
"Interiors","Woody Allen","Woody Allen","Kristin Griffith"
"Intermission","Mark O'Rowe","John Crowley","Colin Farrell"
"The Interpreter","Scott Frank","Sydney Pollack","Nicole Kidman"
"Interstate 60"," "," ",""
"Interview with the Vampire: The Vampire Chronicles","Anne Rice","Neil Jordan","Brad Pitt"
"Intolerable Cruelty","Ethan Coen","Ethan Coen","George Clooney"
"Intolerance: Love's Struggle Through the Ages"," "," ",""
"Invaders from Mars","Richard Blake","Tobe Hooper","Karen Black"
"Invasion U.S.A.","James Bruner","Joseph Zito","Chuck Norris"
"Invasion of the Body Snatchers","Richard Collins","Don Siegel","Kevin McCarthy"
"Les Invasions barbares"," "," ",""
"Irma la Douce","Alexandre Breffort","Billy Wilder","Jack Lemmon"
"The Iron Giant","Brad Bird","Brad Bird","Jennifer Aniston"
"Ishtar","Elaine May","Elaine May","Warren Beatty"
"The Island of Dr. Moreau","Al Ramrus","Don Taylor","Burt Lancaster"
"The Island of Dr. Moreau","Ron Hutchinson","John Frankenheimer","Marlon Brando"
"Isn't She Great","Michael Korda","Andrew Bergman","Bette Midler"
"It Came from Outer Space","Ray Bradbury","Jack Arnold","Richard Carlson"
"It Happened One Night","Samuel Adams","Frank Capra","Clark Gable"
"It's a Mad Mad Mad Mad World"," "," ",""
"It's a Wonderful Life","Frank Capra","Frank Capra","James Stewart"
"The Italian Job","Troy Kennedy-Martin","F. Gray","Mark Wahlberg"
"JFK","Jim Garrison","Oliver Stone","Sally Kirkland"
"Jabberwocky","Charles Alverson","Terry Gilliam","Michael Palin"
"Jack","James DeMonaco","Francis Coppola","Robin Williams"
"Jack Frost","Steve Bloom","Troy Miller","Michael Keaton"
"The Jackal","Chuck Pfarrer","Michael Caton-Jones","Bruce Willis"
"Jackass: The Movie","Vernon Chatman","Jeff Tremaine","Johnny Knoxville"
"The Jacket","Tom Bleecker","John Maybury","Adrien Brody"
"Jackie Brown","Elmore Leonard","Quentin Tarantino","Pam Grier"
"Jacob's Ladder"," "," ",""
"Jade","Joe Eszterhas","William Friedkin","David Caruso"
"Jakob the Liar"," "," ",""
"James and the Giant Peach","Steve Bloom","Henry Selick","Simon Callow"
"Jane Austen's Mafia!","Jim Abrahams","Jim Abrahams","Jay Mohr"
"Japanese Story","Alison Tilson","Sue Brooks","Toni Collette"
"Jason Goes to Hell: The Final Friday","Jay Huguely","Adam Marcus","John LeMay"
"Jason X","Todd Farmer","James Isaac","Kane Hodder"
"Jason and the Argonauts","Beverley Cross","Don Chaffey","Todd Armstrong"
"Jaws","Peter Benchley","Steven Spielberg","Roy Scheider"
"Jaws 3-D","Peter Benchley","Joe Alves","Dennis Quaid"
"Jaws: The Revenge","Peter Benchley","Joseph Sargent","Lorraine Gary"
"Jay and Silent Bob Strike Back","Kevin Smith","Kevin Smith","Jason Mewes"
"Jeepers Creepers","Victor Salva","Victor Salva","Gina Philips"
"Jeepers Creepers II","Victor Salva","Victor Salva","Ray Wise"
"Jefferson in Paris"," Prawer","James Ivory","Nick Nolte"
"Jerry Maguire","Cameron Crowe","Cameron Crowe","Tom Cruise"
"Jersey Girl","Kevin Smith","Kevin Smith","Betty Aberlin"
"Jesus' Son","Elizabeth Cuthrell","Alison Maclean","Billy Crudup"
"Jezebel","Robert Buckner","William Wyler","Bette Davis"
"Jimmy Hollywood","Barry Levinson","Barry Levinson","Joe Pesci"
"Jimmy Neutron: Boy Genius","John Davis","John Davis","Megan Cavanagh"
"Jing cha gu shi III: Chao ji jing cha"," "," ",""
"Jing wu men","Wei Lo","Wei Lo","Bruce Lee"
"Jingle All the Way","Randy Kornfield","Brian Levant","Arnold Schwarzenegger"
"Jisatsu saakuru"," "," ",""
"Joe Dirt","David Spade","Dennie Gordon","David Spade"
"Joe Somebody","John Shepherd","John Pasquin","Tim Allen"
"Joe's Apartment","John Payson","John Payson","Jerry O'Connell"
"John Q","James Kearns","Nick Cassavetes","Gabriela Oltean"
"Johnny English","William Davies","Peter Howitt","Rowan Atkinson"
"Johnny Mnemonic","William Gibson","Robert Longo","Keanu Reeves"
"Johnson Family Vacation","Earl Jones","Christopher Erskin","Entertainer Cedric"
"Jonah: A VeggieTales Movie","Tim Hodge","Mike Nawrocki","Phil Vischer"
"Josie and the Pussycats","Dan DeCarlo","Harry Elfont","Rachael Cook"
"Joy Ride","J.J. Abrams","John Dahl","Steve Zahn"
"Judge Dredd"," De","Danny Cannon","Sylvester Stallone"
"Judgment at Nuremberg","Montgomery Clift","Stanley Kramer","Spencer Tracy"
"Jui kuen II","Rod Dean","Chia-Liang Liu","Jackie Chan"
"Jumanji","Jonathan Hensleigh","Joe Johnston","Robin Williams"
"The Jungle Book 2","Carter Crocker","Steve Trenbirth","John Goodman"
"The Jungle Book","Mark Geldman","Stephen Sommers","Jason Lee"
"Jungle Fever","Spike Lee","Spike Lee","Wesley Snipes"
"Jurassic Park","Michael Crichton","Steven Spielberg","Sam Neill"
"Jurassic Park III","Peter Buchman","Joe Johnston","Sam Neill"
"The Juror"," Dawes","Brian Gibson","Demi Moore"
"Just Visiting"," "," ",""
"Juwanna Mann"," "," ",""
"K-19: The Widowmaker","Christopher Kyle","Kathryn Bigelow","Sam Spruell"
"K-PAX","Gene Brewer","Iain Softley","Kevin Spacey"
"Kafka","Lem Dobbs","Steven Soderbergh","Jeremy Irons"
"Kagemusha","Masato Ide","Akira Kurosawa","Tatsuya Nakadai"
"Kalifornia","Stephen Levy","Dominic Sena","Brad Pitt"
"Kama Sutra: A Tale of Love","Helena Kriel","Mira Nair","Indira Varma"
"Kangaroo Jack","Steve Bing","David McNally","Jerry O'Connell"
"Kansas City","Robert Altman","Robert Altman","Jennifer Leigh"
"Karakter","Ferdinand Bordewijk","Mike Diem","Jan Decleir"
"Kate & Leopold","James Mangold","James Mangold","Meg Ryan"
"The Keep","Michael Mann","Michael Mann","Scott Glenn"
"Keeping the Faith","Stuart Blumberg","Edward Norton","Ben Stiller"
"The Kentucky Fried Movie","Jim Abrahams","John Landis","Marilyn Joi"
"The Kid","Charles Chaplin","Charles Chaplin","Carl Miller"
"The Kid","Audrey Wells","Jon Turteltaub","Bruce Willis"
"Kids","Harmony Korine","Larry Clark","Leo Fitzpatrick"
"The Kids Are Alright","Jeff Stein","Jeff Stein","Roger Daltrey"
"Kill Bill: Vol. 1","Quentin Tarantino","Quentin Tarantino","Uma Thurman"
"Kill Bill: Vol. 2","Quentin Tarantino","Quentin Tarantino","Vivica Fox"
"Kill Me Again","John Dahl","John Dahl","Pat Mulligan"
"Killer Klowns from Outer Space","Charles Chiodo","Stephen Chiodo","Grant Cramer"
"Killer's Kiss","Stanley Kubrick","Stanley Kubrick","Frank Silvera"
"Killing Me Softly","Sean French","Kaige Chen","Heather Graham"
"Killing Zoe"," "," ",""
"The Killing","Stanley Kubrick","Stanley Kubrick","Sterling Hayden"
"King Arthur","David Franzoni","Antoine Fuqua","Clive Owen"
"King Kong","Merian Cooper","Merian Cooper","Fay Wray"
"King Kong","Merian Cooper","John Guillermin","Jeff Bridges"
"King Solomon's Mines","H. Haggard"," Lee","Richard Chamberlain"
"The King of Comedy"," "," ",""
"King of the Hill","A.E. Hotchner","Steven Soderbergh","Jesse Bradford"
"Kingdom of Heaven","William Monahan","Ridley Scott","Martin Hancock"
"Kingpin","Barry Fanaro","Bobby Farrelly","Woody Harrelson"
"Kinsey","Bill Condon","Bill Condon","Liam Neeson"
"Kiss Me  Stupid","Anna Bonacci","Billy Wilder","Dean Martin"
"Kiss of the Dragon","Luc Besson","Chris Nahon","Jet Li"
"Kiss the Girls","David Klass","Gary Fleder","Morgan Freeman"
"Kissing Jessica Stein","Heather Juergensen","Charles Herman-Wurmfeld","Jennifer Westfeldt"
"A Knight's Tale","Brian Helgeland","Brian Helgeland","Heath Ledger"
"Knock Off"," de","Hark Tsui","Van"
"Kontroll"," "," ",""
"Kundun","Melissa Mathison","Martin Scorsese","Thuthob"
"Kung Pow: Enter the Fist","Steve Oedekerk","Steve Oedekerk","Steve Oedekerk"
"L.A. Confidential","James Ellroy","Curtis Hanson","Kevin Spacey"
"Labyrinth","Jim Henson","Jim Henson","David Bowie"
"Lady and the Tramp","Don DaGradi","Clyde Geronimi","Peggy Lee"
"The Lady from Shanghai","William Castle","Orson Welles","Rita Hayworth"
"Lady in White","Frank LaLoggia","Frank LaLoggia","Lukas Haas"
"Ladyhawke","Edward Khmara","Richard Donner","Matthew Broderick"
"The Ladykillers","Ethan Coen","Ethan Coen","Tom Hanks"
"The Lair of the White Worm","Ken Russell","Ken Russell","Amanda Donohoe"
"Lake Placid","David Kelley","Steve Miner","Bill Pullman"
"The Land Before Time","Judy Freudberg","Don Bluth","Pat Hingle"
"Lara Croft Tomb Raider: The Cradle of Life"," de"," de","Angelina Jolie"
"Lara Croft: Tomb Raider","Michael Colleary","Simon West","Angelina Jolie"
"Lashou shentan"," "," ",""
"Last Action Hero","David Arnott","John McTiernan","Arnold Schwarzenegger"
"The Last Broadcast","Stefan Avalos","Stefan Avalos","David Beard"
"The Last Castle","David Scarpa","Rod Lurie","Robert Redford"
"The Last Dragon","Louis Venosta","Michael Schultz","Taimak"
"The Last Emperor","Bernardo Bertolucci","Bernardo Bertolucci","John Lone"
"The Last House on the Left","Wes Craven","Wes Craven","Sandra Peabody"
"Last Man Standing","Walter Hill","Walter Hill","Bruce Willis"
"Last Orders","Fred Schepisi","Fred Schepisi","Michael Caine"
"The Last Picture Show","Peter Bogdanovich","Peter Bogdanovich","Timothy Bottoms"
"The Last Samurai","Marshall Herskovitz","Edward Zwick","Ken Watanabe"
"The Last Seduction","Steve Barancik","John Dahl","Linda Fiorentino"
"The Last Starfighter","Jonathan Betuel","Nick Castle","Kay Kuter"
"The Last Temptation of Christ","Nikos Kazantzakis","Martin Scorsese","Willem Dafoe"
"The Last of the Mohicans","John Balderston","Michael Mann","Daniel Day-Lewis"
"Latter Days","C. Cox","C. Cox","Steve Sandvoss"
"Lawn Dogs","Naomi Wallace","John Duigan","Mischa Barton"
"The Lawnmower Man","Gimel Everett","Brett Leonard","Jeff Fahey"
"Lawrence of Arabia","Robert Bolt","David Lean","Peter O'Toole"
"Laws of Attraction"," Brosh","Peter Howitt","Pierce Brosnan"
"The League of Extraordinary Gentlemen","Alan Moore","Stephen Norrington","Sean Connery"
"A League of Their Own","Kelly Candaele","Penny Marshall","Tom Hanks"
"Leaving Las Vegas","Mike Figgis","Mike Figgis","Nicolas Cage"
"Legal Eagles","Jim Cash","Ivan Reitman","Robert Redford"
"Legally Blonde","Amanda Brown","Robert Luketic","Reese Witherspoon"
"Legally Blonde 2: Red  White & Blonde","Eve Ahlert","Charles Herman-Wurmfeld","Reese Witherspoon"
"Legend","William Hjortsberg","Ridley Scott","Tom Cruise"
"The Legend of Bagger Vance","Jeremy Leven","Robert Redford","Will Smith"
"Legends of the Fall","Jim Harrison","Edward Zwick","Brad Pitt"
"La Leggenda del pianista sull'oceano"," "," ",""
"Legionnaire","Sheldon Lettich","Peter MacDonald","Van"
"Lemony Snicket's A Series of Unfortunate Events","Robert Gordon","Brad Silberling","Jim Carrey"
"Leprechaun","Mark Jones","Mark Jones","Warwick Davis"
"Leprechaun 2","Mark Jones","Rodman Flender","Warwick Davis"
"Lethal Weapon","Shane Black","Richard Donner","Mel Gibson"
"Lethal Weapon 4","Shane Black","Richard Donner","Mel Gibson"
"Levity","Ed Solomon","Ed Solomon","Billy Thornton"
"Liar Liar","Paul Guay","Tom Shadyac","Jim Carrey"
"Liberty Stands Still","Kari Skogland","Kari Skogland","Tanya Allen"
"Licence to Kill","Ian Fleming","John Glen","Timothy Dalton"
"License to Drive","Neil Tolkin","Greg Beeman","Corey Haim"
"Life"," "," ",""
"The Life Aquatic with Steve Zissou","Wes Anderson","Wes Anderson","Bill Murray"
"A Life Less Ordinary","John Hodge","Danny Boyle","Holly Hunter"
"Life as a House","Mark Andrus","Irwin Winkler","Kevin Kline"
"Life of Brian","Graham Chapman","Terry Jones","Graham Chapman"
"The Life of David Gale","Charles Randolph","Alan Parker","Kate Winslet"
"Lifeforce","Michael Armstrong","Tobe Hooper","Steve Railsback"
"Light It Up","Craig Bolotin","Craig Bolotin","Usher Raymond"
"Light Sleeper","Paul Schrader","Paul Schrader","Willem Dafoe"
"Like Mike","Michael Elliot","John Schultz","Shad Moss"
"Lilies of the Field","William Barrett","Ralph Nelson","Sidney Poitier"
"Lilo & Stitch","Dean DeBlois","Dean DeBlois","Daveigh Chase"
"Limbo","John Sayles","John Sayles","Mary Mastrantonio"
"The Limey","Lem Dobbs","Steven Soderbergh","Terence Stamp"
"The Lion King","J.T. Allen","Roger Allers","Matthew Broderick"
"Lionheart","Sheldon Lettich","Sheldon Lettich","Van"
"The List of Adrian Messenger","Alec Coppel","John Huston","Tony Curtis"
"Little Black Book","Elisa Bell","Nick Hurran","Brittany Murphy"
"Little Nicky","Steven Brill","Steven Brill","Adam Sandler"
"Little Odessa","James Gray","James Gray","Tim Roth"
"Little Shop of Horrors","Howard Ashman","Frank Oz","Levi Stubbs"
"The Little Shop of Horrors","Roger Corman","Roger Corman","Jonathan Haze"
"Little Women","Louisa Alcott","George Cukor","Katharine Hepburn"
"Live and Let Die","Ian Fleming","Guy Hamilton","Roger Moore"
"The Living Daylights","Ian Fleming","John Glen","Timothy Dalton"
"Living Out Loud","Richard LaGravenese","Richard LaGravenese","Holly Hunter"
"The Lizzie McGuire Movie","Ed Decter","Jim Fall","Hilary Duff"
"Loaded Weapon 1","Don Holley","Gene Quintano","Emilio Estevez"
"Logan's Run","David Goodman","Michael Anderson","Michael York"
"Lolita","Stanley Kubrick","Stanley Kubrick","James Mason"
"Lolita","Vladimir Nabokov","Adrian Lyne","Jeremy Irons"
"Lone Star","John Sayles","John Sayles","Stephen Mendillo"
"Lone Wolf McQuade","H. Dyal","Steve Carver","Chuck Norris"
"The Long Kiss Goodnight","Shane Black","Renny Harlin","Geena Davis"
"The Long Riders","Bill Bryden","Walter Hill","David Carradine"
"The Longest Day","Romain Gary","Ken Annakin","Eddie Albert"
"Look Who's Talking","Amy Heckerling","Amy Heckerling","John Travolta"
"Looney Tunes: Back in Action","Larry Doyle","Joe Dante","Brendan Fraser"
"The Lord of the Rings","Peter Beagle","Ralph Bakshi","Christopher Guard"
"The Lord of the Rings: The Fellowship of the Ring","Philippa Boyens","Peter Jackson","Alan Howard"
"The Lord of the Rings: The Return of the King","Philippa Boyens","Peter Jackson","Noel Appleby"
"The Lord of the Rings: The Two Towers","Philippa Boyens","Peter Jackson","Bruce Allpress"
"Loser","Amy Heckerling","Amy Heckerling","Jason Biggs"
"Losin' It","Bryan Gindoff","Curtis Hanson","Tom Cruise"
"Losing Isaiah","Naomi Foner","Stephen Gyllenhaal","Jessica Lange"
"The Loss of Sexual Innocence","Mike Figgis","Mike Figgis","Julian Sands"
"Lost Highway","Barry Gifford","David Lynch","Bill Pullman"
"Lost Horizon","Sidney Buchman","Frank Capra","Ronald Colman"
"Lost Souls","Pierce Gardner","Janusz Kaminski","Winona Ryder"
"The Lost Weekend","Charles Brackett","Billy Wilder","Ray Milland"
"The Lost World: Jurassic Park","Michael Crichton","Steven Spielberg","Jeff Goldblum"
"Lost in Space","Irwin Allen","Stephen Hopkins","William Hurt"
"Lost in Translation","Sofia Coppola","Sofia Coppola","Scarlett Johansson"
"A Lot Like Love","Colin Lynch","Nigel Cole","Amanda Peet"
"Love & Basketball","Gina Prince-Bythewood","Gina Prince-Bythewood","Glenndon Chatman"
"The Love Letter","Maria Maggenti","Peter Chan","Kate Capshaw"
"Love Liza","Gordy Hoffman","Todd Louiso","Philip Hoffman"
"Love Stinks","Jeff Franklin","Jeff Franklin","French Stewart"
"Love Story","Erich Segal","Arthur Hiller","Ali MacGraw"
"Love and Death","Woody Allen","Woody Allen","Woody Allen"
"Love and Other Catastrophes","Helen Bandis","Emma-Kate Croghan","Matt Day"
"Love in the Afternoon","Claude Anet","Billy Wilder","Gary Cooper"
"Love's Labour's Lost","Kenneth Branagh","Kenneth Branagh","Alessandro Nivola"
"Lovely & Amazing","Nicole Holofcener","Nicole Holofcener","Troy Ruptash"
"Lucky Break","Ronan Bennett","Peter Cattaneo","James Nesbitt"
"Lucky Numbers","Adam Resnick","Nora Ephron","John Travolta"
"Los Lunes al sol"," "," ",""
"MASH","Richard Hooker","Robert Altman","Donald Sutherland"
"Mackenna's Gold","Heck Allen"," Lee","Gregory Peck"
"Mad City","Tom Matthews","Costa-Gavras","John Travolta"
"Mad Max","Byron Kennedy","George Miller","Mel Gibson"
"Made","Jon Favreau","Jon Favreau","Jon Favreau"
"Madonna: Truth or Dare"," ","Alek Keshishian","Madonna"
"The Magnificent Ambersons","Joseph Cotten","Fred Fleck","Joseph Cotten"
"Magnolia","Paul Anderson","Paul Anderson","Pat Healy"
"Maid in Manhattan","John Hughes","Wayne Wang","Jennifer Lopez"
"The Majestic","Michael Sloane","Frank Darabont","Jim Carrey"
"Major League","David Ward","David Ward","Tom Berenger"
"Malcolm X","Alex Haley","Spike Lee","Denzel Washington"
"Malibu's Most Wanted","Fax Bahr","John Whitesell","Jamie Kennedy"
"Mallrats","Kevin Smith","Kevin Smith","Shannen Doherty"
"The Maltese Falcon","Dashiell Hammett","John Huston","Humphrey Bogart"
"A Man Apart","Christian Gudegast","F. Gray","Vin Diesel"
"The Man Who Knew Too Much","Charles Bennett","Alfred Hitchcock","James Stewart"
"The Man Who Shot Liberty Valance","James Bellah","John Ford","John Wayne"
"The Man Who Wasn't There","Ethan Coen","Ethan Coen","Billy Thornton"
"The Man Who Would Be King","Gladys Hill","John Huston","Sean Connery"
"A Man for All Seasons","Robert Bolt","Fred Zinnemann","Paul Scofield"
"The Man from Elysian Fields","Phillip Lasker","George Hickenlooper","Andy Garcia"
"The Man in the Iron Mask"," "," ",""
"Man on Fire","Brian Helgeland","Tony Scott","Denzel Washington"
"Man on the Moon","Scott Alexander","Milos Forman","Jim Carrey"
"The Man with the Golden Gun","Ian Fleming","Guy Hamilton","Roger Moore"
"Manhattan Murder Mystery","Woody Allen","Woody Allen","Woody Allen"
"Manhunter","Thomas Harris","Michael Mann","William Petersen"
"Maniac","C.A. Rosenberg","William Lustig","Joe Spinell"
"Maniac Cop","Larry Cohen","William Lustig","Tom Atkins"
"Mannequin: On the Move","Michael Gottlieb","Stewart Raffill","Kristy Swanson"
"El Maquinista"," "," ",""
"Marci X","Paul Rudnick","Richard Benjamin","Lisa Kudrow"
"El Mariachi"," "," ",""
"Marnie","Winston Graham","Alfred Hitchcock","Tippi Hedren"
"Mars Attacks!","Len Brown","Tim Burton","Jack Nicholson"
"Martin","George Romero","George Romero","John Amplas"
"Marty","Paddy Chayefsky","Delbert Mann","Esther Minciotti"
"Marvin's Room","Scott McPherson","Jerry Zaks","Meryl Streep"
"Mary Reilly","Christopher Hampton","Stephen Frears","Julia Roberts"
"The Mask of Zorro","Ted Elliott","Martin Campbell","JosMOV Tavira"
"Master and Commander: The Far Side of the World","John Collee","Peter Weir","Russell Crowe"
"The Master of Disguise","Dana Carvey","Perry Blake","Dana Carvey"
"Masters of the Universe","Gary Goddard","Gary Goddard","Dolph Lundgren"
"Matewan","John Sayles","John Sayles","Chris Cooper"
"Matilda","Roald Dahl","Danny DeVito","Mara Wilson"
"The Matrix Reloaded","Andy Wachowski","Andy Wachowski","Ray Anthony"
"The Matrix Revolutions","Andy Wachowski","Andy Wachowski","Mary Alice"
"The Matrix","Andy Wachowski","Andy Wachowski","Keanu Reeves"
"Maurice","E.M. Forster","James Ivory","James Wilby"
"Maximum Overdrive","Stephen King","Stephen King","Emilio Estevez"
"May","Lucky McKee","Lucky McKee","Angela Bettis"
"McHale's Navy","Peter Crabbe","Bryan Spicer","Tom Arnold"
"McLintock!","James Grant","Andrew McLaglen","John Wayne"
"Me  Myself & Irene","Mike Cerrone","Bobby Farrelly","Jim Carrey"
"Mean Creek","Jacob Estes","Jacob Estes","Rory Culkin"
"Mean Girls","Tina Fey","Mark Waters","Lindsay Lohan"
"Mean Streets","Mardik Martin","Martin Scorsese","De"
"The Meaning of Life","Graham Chapman","Terry Gilliam","Graham Chapman"
"The Medallion","Gordon Chan","Gordon Chan","Jackie Chan"
"Medicine Man","Sally Robinson","John McTiernan","Sean Connery"
"Meet Joe Black","Maxwell Anderson","Martin Brest","Brad Pitt"
"Meet Me in St. Louis","Sally Benson","Vincente Minnelli","Judy Garland"
"Meet the Feebles","Peter Jackson","Peter Jackson","Danny Mulheron"
"Meet the Fockers","Mary Clarke","Jay Roach","De"
"Meet the Parents","Mary Clarke","Jay Roach","De"
"Megiddo: The Omega Code 2","Hollis Barton","Paul Lombardi","Michael York"
"Memento","Christopher Nolan","Christopher Nolan","Guy Pearce"
"Memoirs of an Invisible Man","Robert Collector","John Carpenter","Chevy Chase"
"Men in Black","Lowell Cunningham","Barry Sonnenfeld","Tommy Jones"
"Men in Black II","Lowell Cunningham","Barry Sonnenfeld","Tommy Jones"
"Men of Honor","Scott Smith"," Tillman","De"
"Men with Brooms","Paul Gross","Paul Gross","James Douglas"
"Menace II Society","Albert Hughes","Albert Hughes","Tyrin Turner"
"Meng long guojiang"," "," ",""
"The Merchant of Venice","Michael Radford","Michael Radford","Al Pacino"
"Mercury Rising","Lawrence Konner","Harold Becker","Bruce Willis"
"Message in a Bottle"," Di","Luis Mandoki","Kevin Costner"
"The Message"," "," ",""
"Meteor","Stanley Mann","Ronald Neame","Sean Connery"
"Metoroporisu","Marc Handler","Rintaro","Yuka Imoto"
"Metro","Randy Feldman","Thomas Carter","Eddie Murphy"
"Metropolitan","Whit Stillman","Whit Stillman","Carolyn Farina"
"The Mexican","J.H. Wyman","Gore Verbinski","Brad Pitt"
"Michael Collins","Neil Jordan","Neil Jordan","Ian Hart"
"Michael Moore Hates America","Michael Wilson","Michael Wilson","Mike Abraham"
"Mickey Blue Eyes","Robert Kuhn","Kelly Makin","Hugh Grant"
"A Midnight Clear","Keith Gordon","Keith Gordon","Peter Berg"
"Midnight Cowboy","James Herlihy","John Schlesinger","Dustin Hoffman"
"Midnight Express","Billy Hayes","Alan Parker","Brad Davis"
"Midnight Run","George Gallo","Martin Brest","De"
"Midnight in the Garden of Good and Evil","John Berendt","Clint Eastwood","John Cusack"
"Mighty Aphrodite","Woody Allen","Woody Allen","Pamela Blair"
"Mighty Joe Young","Merian Cooper","Ron Underwood","Charlize Theron"
"Mildred Pierce","James Cain","Michael Curtiz","Joan Crawford"
"Miller's Crossing","Ethan Coen","Ethan Coen","Gabriel Byrne"
"Million Dollar Baby","Paul Haggis","Clint Eastwood","Clint Eastwood"
"The Million Dollar Hotel","Bono","Wim Wenders","Jeremy Davies"
"Mimic"," del"," del","Mira Sorvino"
"Mindhunters","Kevin Brodbin","Renny Harlin","Eion Bailey"
"Minority Report","Jon Cohen","Steven Spielberg","Tom Cruise"
"Miracle Mile"," De"," De","Anthony Edwards"
"The Miracle Worker","William Gibson","Arthur Penn","Anne Bancroft"
"The Mirror Has Two Faces"," "," ",""
"Misery","William Goldman","Rob Reiner","James Caan"
"The Misfits","Arthur Miller","John Huston","Clark Gable"
"Mishima: A Life in Four Chapters","Yukio Mishima","Paul Schrader","Ken Ogata"
"Miss Congeniality","Katie Ford","Donald Petrie","Sandra Bullock"
"Mission to Mars","Lowell Cannon"," De","Gary Sinise"
"Mission: Impossible","Bruce Geller"," De","Tom Cruise"
"Mission: Impossible II","Brannon Braga","John Woo","Tom Cruise"
"Mississippi Burning","Chris Gerolmo","Alan Parker","Gene Hackman"
"Mo' Better Blues","Spike Lee","Spike Lee","Denzel Washington"
"Mo' Money","Damon Wayans","Peter MacDonald","Damon Wayans"
"Moby Dick","Ray Bradbury","John Huston","Gregory Peck"
"Modern Times","Charles Chaplin","Charles Chaplin","Charles Chaplin"
"Modern Vampires"," "," ",""
"Mommie Dearest","Christina Crawford","Frank Perry","Faye Dunaway"
"Mona Lisa Smile","Lawrence Konner","Mike Newell","Julia Roberts"
"The Money Pit","David Giler","Richard Benjamin","Tom Hanks"
"Money Talks","Joel Cohen","Brett Ratner","Chris Tucker"
"Money Train","David Loughery","Joseph Ruben","Wesley Snipes"
"Monkey Shines","George Romero","George Romero","Jason Beghe"
"Monkeybone","Kaja Blackley","Henry Selick","Brendan Fraser"
"Monsieur Verdoux","Charles Chaplin","Charles Chaplin","Charles Chaplin"
"Monster","Patty Jenkins","Patty Jenkins","Charlize Theron"
"Monster's Ball","Milo Addica","Marc Forster","Billy Thornton"
"Monsters  Inc.","Robert Baird","Pete Docter","John Goodman"
"Monty Python and the Holy Grail","Graham Chapman","Terry Gilliam","Graham Chapman"
"Moonlight Mile","Brad Silberling","Brad Silberling","Jake Gyllenhaal"
"Moonraker","Ian Fleming","Lewis Gilbert","Roger Moore"
"More American Graffiti","Willard Huyck","Bill Norton","Candy Clark"
"Mortal Kombat","Ed Boon","Paul Anderson","Christopher Lambert"
"Mortal Kombat: Annihilation","Ed Boon","John Leonetti","Robin Shou"
"The Mosquito Coast","Paul Schrader","Peter Weir","Harrison Ford"
"Motel Hell","Frank Cotolo","Kevin Connor","Rory Calhoun"
"Mother Night"," Vonnegut","Keith Gordon","Nick Nolte"
"The Mothman Prophecies","Richard Hatem","Mark Pellington","Richard Gere"
"Moulin Rouge","John Huston","John Huston","Jos Ferrer"
"Moulin Rouge!","Baz Luhrmann","Baz Luhrmann","Nicole Kidman"
"Mousehunt","Adam Rifkin","Gore Verbinski","Nathan Lane"
"Mr 3000","Eric Champnella"," Stone","Bernie Mac"
"Mr. Deeds","Tim Herlihy","Steven Brill","Adam Sandler"
"Mr. Smith Goes to Washington","Sidney Buchman","Frank Capra","Jean Arthur"
"Mrs. Winterbourne","Lisa-Maria Radano","Richard Benjamin","Shirley MacLaine"
"Much Ado About Nothing","Kenneth Branagh","Kenneth Branagh","Richard Briers"
"Mujeres al borde de un ataque de nervios"," "," ",""
"Mulan","Julius Aguimatang","Tony Bancroft","Ming-Na Wen"
"Mulholland Dr.","David Lynch","David Lynch","Naomi Watts"
"Multiplicity","Lowell Ganz","Harold Ramis","Michael Keaton"
"Mumford","Lawrence Kasdan","Lawrence Kasdan","Loren Dean"
"The Mummy Returns","Stephen Sommers","Stephen Sommers","Brendan Fraser"
"The Mummy","John Balderston","Karl Freund","Boris Karloff"
"The Mummy","John Balderston","Stephen Sommers","Brendan Fraser"
"Muppets From Space"," "," ",""
"Murder by Numbers","Tony Gayton","Barbet Schroeder","Sandra Bullock"
"Muriel's Wedding","P.J. Hogan","P.J. Hogan","Sophie Lee"
"Musa","Sung-su Kim","Sung-su Kim","Woo-sung Jung"
"The Muse","Albert Brooks","Albert Brooks","Albert Brooks"
"Music of the Heart","Pamela Gray","Wes Craven","Meryl Streep"
"The Musketeer"," "," ",""
"Mute Witness"," "," ",""
"Mutiny on the Bounty","Margaret Booth","Frank Lloyd","Charles Laughton"
"Mutiny on the Bounty","Eric Ambler","Lewis Milestone","Marlon Brando"
"My Beautiful Laundrette","Hanif Kureishi","Stephen Frears","Daniel Day-Lewis"
"My Best Friend's Wedding","Ronald Bass","P.J. Hogan","Julia Roberts"
"My Big Fat Greek Wedding","Nia Vardalos","Joel Zwick","Nia Vardalos"
"My Boss's Daughter","David Dorfman","David Zucker","Mark Aisbett"
"My Cousin Vinny","Dale Launer","Jonathan Lynn","Joe Pesci"
"My Dog Skip","Gail Gilchriest","Jay Russell","Frankie Muniz"
"My Fair Lady","Alan Lerner","George Cukor","Audrey Hepburn"
"My Family","Gregory Nava","Gregory Nava","Edward Olmos"
"My Favorite Martian","John Greene","Donald Petrie","Christopher Lloyd"
"My Fellow Americans","Richard Chapman","Peter Segal","Jack Lemmon"
"My Girl","Laurice Elehwany","Howard Zieff","Dan Aykroyd"
"My Little Eye","David Hilton","Marc Evans","Sean Johnson"
"My Own Private Idaho","William Shakespeare"," Van","River Phoenix"
"My Stepmother Is an Alien","Timothy Harris","Richard Benjamin","Dan Aykroyd"
"Mystery Men","Bob Burden","Kinka Usher","Ben Stiller"
"Mystery Train","Jim Jarmusch","Jim Jarmusch","Masatoshi Nagase"
"Mystery  Alaska","David Kelley","Jay Roach","Russell Crowe"
"Mystic Pizza"," Holden","Donald Petrie","Annabeth Gish"
"Mystic River","Brian Helgeland","Clint Eastwood","Sean Penn"
"Nadja"," "," ",""
"Naked Gun 33 1/3: The Final Insult","Jim Abrahams","Peter Segal","Leslie Nielsen"
"Der Name der Rose","Andrew Birkin","Jean-Jacques Annaud","Sean Connery"
"Nanook of the North","Frances Flaherty","Robert Flaherty","Allakariallak"
"Napoleon Dynamite","Jared Hess","Jared Hess","Jon Heder"
"Narc","Joe Carnahan","Joe Carnahan","Dan Leis"
"National Treasure","Oren Aviv","Jon Turteltaub","Nicolas Cage"
"Natural Born Killers","Richard Rutowski","Oliver Stone","Woody Harrelson"
"The Natural","Phil Dusenberry","Barry Levinson","Robert Redford"
"The Navigator","Clyde Bruckman","Donald Crisp","Buster Keaton"
"Near Dark","Kathryn Bigelow","Kathryn Bigelow","Adrian Pasdar"
"The Negotiator","James DeMonaco","F. Gray","Samuel Jackson"
"Neighbors","Thomas Berger","John Avildsen","John Belushi"
"The Net","John Brancato","Irwin Winkler","Sandra Bullock"
"Network","Paddy Chayefsky","Sidney Lumet","Faye Dunaway"
"Never Say Never Again","Dick Clement","Irvin Kershner","Sean Connery"
"The NeverEnding Story II: The Next Chapter"," "," ",""
"The NeverEnding Story III"," "," ",""
"The New Guy","David Kendall","Ed Decter","DJ Qualls"
"New Jack City","Barry Cooper"," Van","Wesley Snipes"
"New York Stories","Woody Allen","Woody Allen","Woody Allen"
"New York  New York","Mardik Martin","Martin Scorsese","Liza Minnelli"
"Newsies","Bob Tzudiker","Kenny Ortega","Christian Bale"
"The Newton Boys","Richard Linklater","Richard Linklater","Matthew McConaughey"
"The Next Best Thing","Tom Ropelewski","John Schlesinger","Madonna"
"Next Friday","Cube Ice","Steve Carr","Cube Ice"
"Next Stop Wonderland","Brad Anderson","Brad Anderson","Hope Davis"
"Niagara","Charles Brackett","Henry Hathaway","Marilyn Monroe"
"Nicholas Nickleby","Charles Dickens","Douglas McGrath","Stella Gonet"
"Night Train to Mundo Fine","Coleman Francis","Coleman Francis","Coleman Francis"
"A Night at the Roxbury","Will Ferrell","John Fortenberry","Will Ferrell"
"Night of the Demons","Joe Augustyn","Kevin Tenney","Hal Havins"
"The Night of the Hunter","James Agee","Charles Laughton","Robert Mitchum"
"The Night of the Iguana","John Huston","John Huston","Richard Burton"
"Night of the Living Dead","George Romero","George Romero","Duane Jones"
"Night of the Living Dead","George Romero","Tom Savini","Tony Todd"
"A Night to Remember","Eric Ambler","Roy Baker","Kenneth More"
"The Nightmare Before Christmas","Tim Burton","Henry Selick","Danny Elfman"
"A Nightmare On Elm Street 3: Dream Warriors"," "," ",""
"A Nightmare On Elm Street 4: The Dream Master"," "," ",""
"A Nightmare On Elm Street Part 2: Freddy's Revenge"," "," ",""
"A Nightmare On Elm Street"," "," ",""
"A Nightmare On Elm Street: The Dream Child"," "," ",""
"Nil by Mouth","Gary Oldman","Gary Oldman","Ray Winstone"
"Ninotchka","Charles Brackett","Ernst Lubitsch","Greta Garbo"
"The Ninth Gate","John Brownjohn","Roman Polanski","Johnny Depp"
"Nixon","Stephen Rivele","Oliver Stone","Anthony Hopkins"
"No Escape","Michael Gaylin","Martin Campbell","Ray Liotta"
"No Looking Back","Edward Burns","Edward Burns","Lauren Holly"
"Nochnoy dozor","Timur Bekmambetov","Timur Bekmambetov","Konstantin Khabenskiy"
"North","Andrew Scheinman","Rob Reiner","Elijah Wood"
"North by Northwest","Ernest Lehman","Alfred Hitchcock","Cary Grant"
"North to Alaska","Claude Binyon","Henry Hathaway","John Wayne"
"Northfork","Mark Polish","Michael Polish","James Woods"
"Not Another Teen Movie","Phil Beauman","Joel Gallen","Chyler Leigh"
"The Notebook","Jeremy Leven","Nick Cassavetes","Tim Ivey"
"Nothing But Trouble","Dan Aykroyd","Dan Aykroyd","Chevy Chase"
"Notorious","John Foote","Alfred Hitchcock","Cary Grant"
"Notting Hill","Richard Curtis","Roger Michell","Julia Roberts"
"Novocaine","David Atkins","David Atkins","Chelcie Ross"
"Nueve reinas"," "," ",""
"The Nun's Story","Robert Anderson","Fred Zinnemann","Audrey Hepburn"
"Nurse Betty","James Flamberg","Neil LaBute","Morgan Freeman"
"Nutty Professor II: The Klumps","Barry Blaustein","Peter Segal","Eddie Murphy"
"The Nutty Professor","Barry Blaustein","Tom Shadyac","Eddie Murphy"
"O","Brad Kaaya","Tim Nelson","Mekhi Phifer"
"O Brother  Where Art Thou?","Ethan Coen","Ethan Coen","George Clooney"
"The Object of My Affection","Stephen McCauley","Nicholas Hytner","Paul Rudd"
"Obsession"," De"," De","Cliff Robertson"
"Ocean's Eleven","Harry Brown","Steven Soderbergh","George Clooney"
"Ocean's Twelve","George Johnson","Steven Soderbergh","Brad Pitt"
"Octopussy","Ian Fleming","John Glen","Roger Moore"
"Office Space","Mike Judge","Mike Judge","Ron Livingston"
"Oklahoma!"," Hammerstein","Fred Zinnemann","Gordon MacRae"
"Old School","Scot Armstrong","Todd Phillips","Luke Wilson"
"Oliver!","Lionel Bart","Carol Reed","Ron Moody"
"The Omega Code","Hollis Barton","Robert Marcarelli","Van"
"The Omen","David Seltzer","Richard Donner","Gregory Peck"
"On Her Majesty's Secret Service","Ian Fleming","Peter Hunt","George Lazenby"
"On the Line","Eric Aronson","Eric Bross","Lance Bass"
"On the Town","Betty Comden","Stanley Donen","Gene Kelly"
"On the Waterfront","Malcolm Johnson","Elia Kazan","Marlon Brando"
"Once Bitten","Jeffrey Hause","Howard Storm","Lauren Hutton"
"Once Upon a Time in America","Franco Arcalli","Sergio Leone","De"
"Once Upon a Time in Mexico","Robert Rodriguez","Robert Rodriguez","Antonio Banderas"
"One Eight Seven","Scott Yagemann","Kevin Reynolds","Samuel Jackson"
"One Flew Over the Cuckoo's Nest","Bo Goldman","Milos Forman","Michael Berryman"
"One Hour Photo","Mark Romanek","Mark Romanek","Robin Williams"
"One Hundred and One Dalmatians","Bill Peet","Clyde Geronimi","Rod Taylor"
"One Night Stand","Mike Figgis","Mike Figgis","Wesley Snipes"
"One True Thing","Karen Croner","Carl Franklin","Meryl Streep"
"One from the Heart"," "," ",""
"Two One"," "," ",""
"Onegin","Peter Ettedgui","Martha Fiennes","Ralph Fiennes"
"Open Range","Lauran Paine","Kevin Costner","Robert Duvall"
"Open Water","Chris Kentis","Chris Kentis","Blanchard Ryan"
"Opera","Dario Argento","Dario Argento","Cristina Marsillach"
"Orange County","Mike White","Jake Kasdan","Colin Hanks"
"The Order","Brian Helgeland","Brian Helgeland","Heath Ledger"
"Ordinary People","Nancy Dowd","Robert Redford","Donald Sutherland"
"Orgazmo","Trey Parker","Trey Parker","Trey Parker"
"The Original Kings of Comedy","Entertainer Cedric","Spike Lee","Steve Harvey"
"Original Sin","Michael Cristofer","Michael Cristofer","Antonio Banderas"
"Orlando","Sally Potter","Sally Potter","Tilda Swinton"
"Osama","Siddiq Barmak","Siddiq Barmak","Marina Golbahari"
"Osmosis Jones","Marc Hyman","Bobby Farrelly","Chris Rock"
"Othello","Oliver Parker","Oliver Parker","Laurence Fishburne"
"The Other Side of Heaven","Mitch Davis","Mitch Davis","Christopher Gorham"
"The Others"," "," ",""
"Out Cold","Jon Zack","Brendan Malloy","Flex Alexander"
"Out for a Kill"," "," ",""
"Out of Africa","Karen Blixen","Sydney Pollack","Meryl Streep"
"Out of Sight","Scott Frank","Steven Soderbergh","George Clooney"
"The Out-of-Towners","Marc Lawrence","Sam Weisman","Steve Martin"
"Outbreak","Laurence Dworet","Wolfgang Petersen","Dustin Hoffman"
"Outfoxed: Rupert Murdoch's War on Journalism"," ","Robert Greenwald","Roger Ailes"
"Outland","Peter Hyams","Peter Hyams","Sean Connery"
"Outside Providence","Michael Corrente","Michael Corrente","Shawn Hatosy"
"The Outsiders","S.E. Hinton","Francis Coppola","C. Howell"
"Overnight Delivery","Steve Bloom","Jason Bloom","Paul Rudd"
"Owning Mahowny","Maurice Chauvet","Richard Kwietniowski","Philip Hoffman"
"PCU","Adam Leff","Hart Bochner","Jeremy Piven"
"The Pacifier","Robert Garant","Adam Shankman","Vin Diesel"
"Paint Your Wagon","Paddy Chayefsky","Joshua Logan","Lee Marvin"
"Pale Rider","Michael Butler","Clint Eastwood","Clint Eastwood"
"Panic","Henry Bromell","Henry Bromell","William Macy"
"Panic Room","David Koepp","David Fincher","Jodie Foster"
"Paparazzi","Forry Smith","Paul Abascal","Cole Hauser"
"Papillon"," "," ",""
"The Paradine Case","James Bridie","Alfred Hitchcock","Gregory Peck"
"Parents","Christopher Hawthorne","Bob Balaban","Randy Quaid"
"Paris - When It Sizzles","George Axelrod","Richard Quine","William Holden"
"Party Monster","Fenton Bailey","Fenton Bailey","Seth Green"
"The Party","Blake Edwards","Blake Edwards","Peter Sellers"
"The Passion of the Christ","Benedict Fitzgerald","Mel Gibson","Jim Caviezel"
"Pat Garrett and Billy the Kid"," "," ",""
"Patch Adams","Patch Adams","Tom Shadyac","Robin Williams"
"Paths of Glory","Humphrey Cobb","Stanley Kubrick","Kirk Douglas"
"Patriot Games","Tom Clancy","Phillip Noyce","Harrison Ford"
"The Patriot","Robert Rodat","Roland Emmerich","Mel Gibson"
"Patton","Omar Bradley","Franklin Schaffner","George Scott"
"The Pawnbroker","Morton Fine","Sidney Lumet","Rod Steiger"
"Pay It Forward","Leslie Dixon","Mimi Leder","Kevin Spacey"
"Payback"," "," ",""
"Paycheck","Philip Dick","John Woo","Ben Affleck"
"The Peacemaker","Andrew Cockburn","Mimi Leder","George Clooney"
"Pearl Harbor","Randall Wallace","Michael Bay","Ben Affleck"
"Pecker","John Waters","John Waters","Edward Furlong"
"Pee-wee's Big Adventure","Phil Hartman","Tim Burton","Paul Reubens"
"Peggy Sue Got Married","Jerry Leichtling","Francis Coppola","Kathleen Turner"
"Pennies from Heaven","Dennis Potter","Herbert Ross","Steve Martin"
"Per un pugno di dollari","Adriano Bolzoni","Sergio Leone","Clint Eastwood"
"The Perfect Storm","Sebastian Junger","Wolfgang Petersen","George Clooney"
"The Pest","David Katz","Paul Miller","John Leguizamo"
"Pet Sematary","Stephen King","Mary Lambert","Dale Midkiff"
"Pet Sematary II","Richard Outten","Mary Lambert","Edward Furlong"
"Pete's Dragon","S.S. Field","Don Chaffey","Helen Reddy"
"Peter Pan","Milt Banta","Clyde Geronimi","Bobby Driscoll"
"Peter Pan","J.M. Barrie","P.J. Hogan","Jason Isaacs"
"The Petrified Forest","Delmer Daves","Archie Mayo","Leslie Howard"
"Phantasm","Don Coscarelli","Don Coscarelli","A. Baldwin"
"Phantasm II","Don Coscarelli","Don Coscarelli","Le"
"Phantom of the Opera","Samuel Hoffenstein","Arthur Lubin","Nelson Eddy"
"The Phantom of the Opera"," "," ",""
"Phantom of the Paradise"," De"," De","William Finley"
"The Phantom","Jeffrey Boam","Simon Wincer","Billy Zane"
"Phenomena","Dario Argento","Dario Argento","Jennifer Connelly"
"Phenomenon"," Di","Jon Turteltaub","John Travolta"
"Philadelphia","Ron Nyswaner","Jonathan Demme","Tom Hanks"
"Phone Booth","Larry Cohen","Joel Schumacher","Colin Farrell"
"Pi","Darren Aronofsky","Darren Aronofsky","Sean Gullette"
"The Pianist","Ronald Harwood","Roman Polanski","Adrien Brody"
"The Piano","Jane Campion","Jane Campion","Holly Hunter"
"The Pick-up Artist","James Toback","James Toback","Molly Ringwald"
"Picture Perfect","Glenn Caron","Glenn Caron","Jennifer Aniston"
"The Picture of Dorian Gray","Albert Lewin","Albert Lewin","George Sanders"
"Pieces of April","Peter Hedges","Peter Hedges","Katie Holmes"
"Pierrot le fou","Jean-Luc Godard","Jean-Luc Godard","Jean-Paul Belmondo"
"Pink Flamingos","John Waters","John Waters","(I) Divine"
"The Pink Panther Strikes Again","Blake Edwards","Blake Edwards","Peter Sellers"
"Pinocchio","Aurelius Battaglia","Norman Ferguson","Mel Blanc"
"Piranha","Richard Robinson","Joe Dante","Bradford Dillman"
"Pirates"," "," ",""
"Pirates of the Caribbean: The Curse of the Black Pearl","Stuart Beattie","Gore Verbinski","Johnny Depp"
"Pit and the Pendulum","Richard Matheson","Roger Corman","Vincent Price"
"Pitch Black","David Twohy","David Twohy","Vin Diesel"
"A Place in the Sun","Harry Brown","George Stevens","Montgomery Clift"
"Plan 9 from Outer Space"," Wood"," Wood","Gregory Walcott"
"Planet of the Apes","Pierre Boulle","Franklin Schaffner","Charlton Heston"
"Planet of the Apes"," "," ",""
"Platoon","Oliver Stone","Oliver Stone","Tom Berenger"
"Play It to the Bone","Ron Shelton","Ron Shelton","Antonio Banderas"
"Playing by Heart","Willard Carroll","Willard Carroll","Angelina Jolie"
"Pleasantville","Gary Ross","Gary Ross","Tobey Maguire"
"The Pledge"," "," ",""
"Pocahontas","Carl Binder","Mike Gabriel","Irene Bedard"
"Pocketful of Miracles","Jimmy Cannon","Frank Capra","Glenn Ford"
"Poetic Justice","John Singleton","John Singleton","Janet Jackson"
"Point Blank","Alexander Jacobs","John Boorman","Lee Marvin"
"Point Break","W. Iliff","Kathryn Bigelow","Patrick Swayze"
"Poison Ivy","Melissa Goddard","Katt Shea","Sara Gilbert"
"The Polar Express"," Broyles","Robert Zemeckis","Tom Hanks"
"Police Academy","Neal Israel","Hugh Wilson","Steve Guttenberg"
"Pollock","Susan Emshwiller","Ed Harris","Ed Harris"
"Poltergeist","Michael Grais","Tobe Hooper","Craig Nelson"
"Poltergeist II: The Other Side","Michael Grais","Brian Gibson","JoBeth Williams"
"Poltergeist III","Steve Feke","Gary Sherman","Tom Skerritt"
"Polyester","John Waters","John Waters","(I) Divine"
"Poolhall Junkies","Mars Callahan","Mars Callahan","Chazz Palminteri"
"Pootie Tang","Louis C.K.","Louis C.K.","Lance Crouther"
"Popeye","Jules Feiffer","Robert Altman","Robin Williams"
"Porky's"," "," ",""
"Porky's II: The Next Day","Bob Clark","Bob Clark","Dan Monahan"
"Porky's Revenge","Bob Clark","James Komack","Dan Monahan"
"Portrait of Jennie","Leonardo Bercovici","William Dieterle","Jennifer Jones"
"The Poseidon Adventure","Paul Gallico","Irwin Allen","Gene Hackman"
"Il Postino"," "," ",""
"The Postman","David Brin","Kevin Costner","Kevin Costner"
"The Powerpuff Girls"," "," ",""
"Practical Magic","Adam Brooks","Griffin Dunne","Sandra Bullock"
"Predator","Jim Thomas","John McTiernan","Arnold Schwarzenegger"
"Prefontaine","Eugene Corr","Steve James","Jared Leto"
"Pretty Woman","J.F. Lawton","Garry Marshall","Richard Gere"
"Primal Fear","Ann Biderman","Gregory Hoblit","Richard Gere"
"Primary Colors","Joe Klein","Mike Nichols","John Travolta"
"Primer","Shane Carruth","Shane Carruth","Shane Carruth"
"Prince of Darkness","John Carpenter","John Carpenter","Donald Pleasence"
"The Prince of Egypt","Philip LaZebnik","Brenda Chapman","Val Kilmer"
"The Prince of Tides","Pat Conroy","Barbra Streisand","Nick Nolte"
"The Princess Bride","William Goldman","Rob Reiner","Cary Elwes"
"The Princess Diaries 2: Royal Engagement","Meg Cabot","Garry Marshall","Anne Hathaway"
"The Princess Diaries","Meg Cabot","Garry Marshall","Julie Andrews"
"The Private Life of Sherlock Holmes"," Conan","Billy Wilder","Robert Stephens"
"Private Parts","Len Blum","Betty Thomas","Howard Stern"
"The Producers"," "," ",""
"Proof of Life","Tony Gilroy","Taylor Hackford","Meg Ryan"
"The Prophecy","Gregory Widen","Gregory Widen","Christopher Walken"
"Prozac Nation"," "," ",""
"Psycho","Robert Bloch","Alfred Hitchcock","Anthony Perkins"
"Psycho","Robert Bloch"," Van","Vince Vaughn"
"Psycho Beach Party","Charles Busch","Robert King","Lauren Ambrose"
"Psycho II","Robert Bloch","Richard Franklin","Anthony Perkins"
"Pulp Fiction","Roger Avary","Quentin Tarantino","Tim Roth"
"Pumpkinhead"," "," ",""
"Punch-Drunk Love","Paul Anderson","Paul Anderson","Adam Sandler"
"The Punisher","Boaz Yakin","Mark Goldblatt","Dolph Lundgren"
"The Punisher","Michael France","Jonathan Hensleigh","A. Andrews"
"The Purple Rose of Cairo","Woody Allen","Woody Allen","Mia Farrow"
"Pushing Tin","Glen Charles","Mike Newell","John Cusack"
"Pygmalion","Ian Dalrymple","Anthony Asquith","Leslie Howard"
"Queen Christina","S.N. Behrman","Rouben Mamoulian","Greta Garbo"
"Queen of the Damned","Scott Abbott","Michael Rymer","(I) Aaliyah"
"Quest for Camelot","Vera Chapman"," Du","Jessalyn Gilsig"
"The Quick and the Dead","Simon Moore","Sam Raimi","Sharon Stone"
"The Quiet American","Graham Greene","Phillip Noyce","Michael Caine"
"Quigley Down Under","John Hill","Simon Wincer","Tom Selleck"
"Quo Vadis","S.N. Behrman","Mervyn LeRoy","Robert Taylor"
"Rabbit-Proof Fence","Christine Olsen","Phillip Noyce","Everlyn Sampi"
"Radio","Mike Rich","Michael Tollin","Gooding"
"Radio Days","Woody Allen","Woody Allen","Mike Starr"
"Radio Flyer","David Evans","Richard Donner","Lorraine Bracco"
"The Rage: Carrie 2","Stephen King","Katt Shea","Emily Bergl"
"Raging Bull","Joseph Carter","Martin Scorsese","De"
"Raiders of the Lost Ark","Lawrence Kasdan","Steven Spielberg","Harrison Ford"
"Rain Man","Ronald Bass","Barry Levinson","Dustin Hoffman"
"The Rainmaker","Francis Coppola","Francis Coppola","Matt Damon"
"Raise Your Voice","Mitch Rotter","Sean McNamara","Hilary Duff"
"A Raisin in the Sun","Lorraine Hansberry","Daniel Petrie","Sidney Poitier"
"Raising Arizona","Ethan Coen","Ethan Coen","Nicolas Cage"
"Raising Cain"," De"," De","John Lithgow"
"Raising Victor Vargas","Peter Sollett","Peter Sollett","Victor Rasuk"
"Rambo III","Sheldon Lettich","Peter MacDonald","Sylvester Stallone"
"Rambo: First Blood Part II","James Cameron","George Cosmatos","Sylvester Stallone"
"Ran","Masato Ide","Akira Kurosawa","Tatsuya Nakadai"
"Random Hearts","Warren Adler","Sydney Pollack","Harrison Ford"
"Ransom","Cyril Hume","Ron Howard","Mel Gibson"
"Rapa Nui","Kevin Reynolds","Kevin Reynolds","Jason Lee"
"Rat Race","Andy Breckman","Jerry Zucker","Breckin Meyer"
"Ravenous","Ted Griffin","Antonia Bird","Guy Pearce"
"Re-Animator","Stuart Gordon","Stuart Gordon","Jeffrey Combs"
"The Real Cancun","Brian Caldirola"," de","Benjamin Fletcher"
"Real Women Have Curves","George LaVoo","Patricia Cardoso","America Ferrera"
"Rear Window","John Hayes","Alfred Hitchcock","James Stewart"
"Rebecca"," Du","Alfred Hitchcock","Laurence Olivier"
"Rebel Without a Cause","Nicholas Ray","Nicholas Ray","James Dean"
"Red Dragon","Thomas Harris","Brett Ratner","Anthony Hopkins"
"Red Planet","Jonathan Lemkin","Antony Hoffman","Val Kilmer"
"Red Rock West"," "," ",""
"Red Scorpion"," "," ",""
"Red Sonja","Clive Exton","Richard Fleischer","Arnold Schwarzenegger"
"Reds","Warren Beatty","Warren Beatty","Warren Beatty"
"The Ref","Richard LaGravenese","Ted Demme","Denis Leary"
"Reign of Fire","Gregg Chabot","Rob Bowman","Christian Bale"
"Reindeer Games","Ehren Kruger","John Frankenheimer","Ben Affleck"
"The Relic","Lincoln Child","Peter Hyams","Penelope Miller"
"The Remains of the Day","Kazuo Ishiguro","James Ivory","John Haycraft"
"Remember the Titans","Gregory Howard","Boaz Yakin","Denzel Washington"
"Renaissance Man","Jim Burnstein","Penny Marshall","Danny DeVito"
"The Replacement Killers","Ken Sanzel","Antoine Fuqua","Yun-Fat Chow"
"The Replacements","Vince McKewin","Howard Deutch","Keanu Reeves"
"Repli-Kate","Stuart Gibbs","Frank Longo","Ali Landry"
"Repo Man","Alex Cox","Alex Cox","Harry Stanton"
"Requiem for a Dream","Darren Aronofsky","Darren Aronofsky","Ellen Burstyn"
"Reservoir Dogs","Roger Avary","Quentin Tarantino","Harvey Keitel"
"Resident Evil","Paul Anderson","Paul Anderson","Ryan McCluskey"
"Resident Evil: Apocalypse","Paul Anderson","Alexander Witt","Milla Jovovich"
"Restoration","Rose Tremain","Michael Hoffman","Downey"
"Return of the Living Dead 3"," "," ",""
"Return of the Living Dead Part II"," "," ",""
"The Return of the Living Dead","Dan O'Bannon","Dan O'Bannon","Clu Gulager"
"The Return of the Pink Panther","Blake Edwards","Blake Edwards","Peter Sellers"
"The Return of the Texas Chainsaw Massacre"," "," ",""
"Return to Me","Samantha Goodman","Bonnie Hunt","David Duchovny"
"Return to Never Land","J.M. Barrie","Robin Budd","Harriet Owen"
"Return to Oz","L. Baum","Walter Murch","Fairuza Balk"
"Revenge of the Nerds","Jeff Buhai","Jeff Kanew","Robert Carradine"
"Revolution","Robert Dillon","Hugh Hudson","Al Pacino"
"Ride the High Country","Sam Peckinpah","Sam Peckinpah","Randolph Scott"
"Riders"," "," ",""
"Riding in Cars with Boys","Beverly D'Onofrio","Penny Marshall","Drew Barrymore"
"The Right Stuff","Philip Kaufman","Philip Kaufman","Sam Shepard"
"The Ring","Ehren Kruger","Gore Verbinski","Naomi Watts"
"Ringu"," "," ",""
"Rio Grande","James Bellah","John Ford","John Wayne"
"Rio Lobo","Leigh Brackett","Howard Hawks","John Wayne"
"Ripley's Game","Liliana Cavani","Liliana Cavani","Ray Winstone"
"Risky Business","Paul Brickman","Paul Brickman","Tom Cruise"
"The River Wild","Denis O'Neill","Curtis Hanson","Meryl Streep"
"River's Edge","Neal Jimenez","Tim Hunter","Crispin Glover"
"Road Trip","Scot Armstrong","Todd Phillips","Breckin Meyer"
"The Road to El Dorado","Ted Elliott","Bibo Bergeron","Kevin Kline"
"Road to Perdition","Max Collins","Sam Mendes","Tyler Hoechlin"
"Rob Roy","Alan Sharp","Michael Caton-Jones","Liam Neeson"
"The Robe","Lloyd Douglas","Henry Koster","Richard Burton"
"Robin Hood","Ken Anderson","Wolfgang Reitherman","Roger Miller"
"Robin Hood: Prince of Thieves","Pen Densham","Kevin Reynolds","Kevin Costner"
"Robin and Marian","James Goldman","Richard Lester","Sean Connery"
"Robinson Crusoe on Mars","Daniel Defoe","Byron Haskin","Paul Mantee"
"RoboCop","Michael Miner","Paul Verhoeven","Peter Weller"
"RoboCop 3","Fred Dekker","Fred Dekker","Robert Burke"
"Robot Monster","Wyott Ordung","Phil Tucker","George Nader"
"Robots","Lowell Ganz","Carlos Saldanha","Paula Abdul"
"Rock 'n' Roll High School","Allan Arkush","Allan Arkush","P.J. Soles"
"Rock Star","John Stockwell","Stephen Herek","Mark Wahlberg"
"The Rock","Douglas Cook","Michael Bay","Sean Connery"
"Rocky","Sylvester Stallone","John Avildsen","Sylvester Stallone"
"The Rocky Horror Picture Show","Richard O'Brien","Jim Sharman","Tim Curry"
"Rocky IV","Sylvester Stallone","Sylvester Stallone","Sylvester Stallone"
"Roger & Me","Michael Moore","Michael Moore","Michael Moore"
"Rogue Trader","James Dearden","James Dearden","Ewan McGregor"
"Rollerball","Larry Ferguson","John McTiernan","Chris Klein"
"Roman Holiday","John Dighton","William Wyler","Gregory Peck"
"Romeo + Juliet","Baz Luhrmann","Baz Luhrmann","Leonardo DiCaprio"
"Romeo Must Die","Eric Bernt","Andrzej Bartkowiak","Jet Li"
"Ronin","David Mamet","John Frankenheimer","De"
"The Rookie","Mike Rich","John Hancock","Dennis Quaid"
"A Room with a View","E.M. Forster","James Ivory","Maggie Smith"
"Rope","Hume Cronyn","Alfred Hitchcock","Dick Hogan"
"The Rose","Michael Cimino","Mark Rydell","Bette Midler"
"Rosemary's Baby","Ira Levin","Roman Polanski","Mia Farrow"
"Rosewood","Gregory Poirier","John Singleton","Jon Voight"
"Rounders","Brian Koppelman","John Dahl","Matt Damon"
"The Royal Tenenbaums","Wes Anderson","Wes Anderson","Gene Hackman"
"Ruby in Paradise","Victor Nunez","Victor Nunez","Ashley Judd"
"The Rugrats Movie","Gabor Csupo","Igor Kovalyov","Christine Cavanaugh"
"Rugrats in Paris: The Movie - Rugrats II","Kate Boutilier","Stig Bergqvist","Tara Strong"
"The Rules of Attraction","Roger Avary","Roger Avary","Beek Van"
"Rules of Engagement","Stephen Gaghan","William Friedkin","Tommy Jones"
"Rumble Fish","Francis Coppola","Francis Coppola","Matt Dillon"
"Runaway Bride","Josann McGibbon","Garry Marshall","Julia Roberts"
"Runaway Jury","Matthew Chapman","Gary Fleder","John Cusack"
"The Rundown","R.J. Stewart","Peter Berg","Dwayne Johnson"
"The Running Man"," de","Paul Glaser","Arnold Schwarzenegger"
"Rush Hour","Jim Kouf","Brett Ratner","Ken Leung"
"Rush Hour 2","Ross LaManna","Brett Ratner","Jackie Chan"
"Rushmore","Wes Anderson","Wes Anderson","Jason Schwartzman"
"Ryan's Daughter","Robert Bolt","David Lean","Robert Mitchum"
"S.W.A.T.","David Ayer","Clark Johnson","Samuel Jackson"
"Sabrina","Ernest Lehman","Billy Wilder","Humphrey Bogart"
"Sabrina","Barbara Benedek","Sydney Pollack","Harrison Ford"
"Sahara","Clive Cussler","Breck Eisner","Matthew McConaughey"
"The Saint","Leslie Charteris","Phillip Noyce","Val Kilmer"
"Saints and Soldiers","Geoffrey Panos","Ryan Little","Corbin Allred"
"The Salton Sea","Tony Gayton","D.J. Caruso","Val Kilmer"
"Salvador","Rick Boyle","Oliver Stone","James Woods"
"Samsara","Tim Baker","Pan Nalin","Shawn Ku"
"San Francisco","Robert Hopkins"," Van","Clark Gable"
"The Sand Pebbles","Robert Anderson","Robert Wise","Steve McQueen"
"Sands of Iwo Jima","Harry Brown","Allan Dwan","John Wayne"
"Santa Claus","David Newman","Jeannot Szwarc","Dudley Moore"
"Santa Claus Conquers the Martians","Paul Jacobson","Nicholas Webster","John Call"
"The Santa Clause 2","Leo Benvenuti","Michael Lembeck","Tim Allen"
"Santa sangre","Claudio Argento","Alejandro Jodorowsky","Axel Jodorowsky"
"Satyricon","Petronius","Gian Polidoro","Tina Aumont"
"Save the Last Dance","Duane Adler","Thomas Carter","Julia Stiles"
"Saved!","Brian Dannelly","Brian Dannelly","Jena Malone"
"Saving Private Ryan","Robert Rodat","Steven Spielberg","Tom Hanks"
"Saving Silverman","Greg DePaul","Dennis Dugan","Steve Zahn"
"Savior","Robert Orr","Predrag Antonijevic","Nastassja Kinski"
"Saw","James Wan","James Wan","Leigh Whannell"
"Say It Isn't So","Peter Gaulke","J.B. Rogers","Chris Klein"
"Scaramouche","George Froeschel","George Sidney","Stewart Granger"
"Scarface","Howard Hawks"," De","Al Pacino"
"The Scarlet Letter"," "," ",""
"Scary Movie","Phil Beauman","Keenen Wayans","Carmen Electra"
"Scary Movie 2","Phil Beauman","Keenen Wayans","Antony Acker"
"Scary Movie 3","Phil Beauman","David Zucker","Pamela Anderson"
"Schindler's List","Thomas Keneally","Steven Spielberg","Liam Neeson"
"Schizopolis","Steven Soderbergh","Steven Soderbergh","Scott Allen"
"School Daze","Spike Lee","Spike Lee","Laurence Fishburne"
"The School of Rock","Mike White","Richard Linklater","Jack Black"
"Scooby-Doo","Joseph Barbera","Raja Gosnell","Prinze"
"The Score","Lem Dobbs","Frank Oz","De"
"The Scorpion King","Jonathan Hales","Chuck Russell","Dwayne Johnson"
"Scream","Kevin Williamson","Wes Craven","Drew Barrymore"
"Scream 2","Kevin Williamson","Wes Craven","Pinkett"
"Scream 3","Ehren Kruger","Wes Craven","Liev Schreiber"
"Screamers","Philip Dick","Christian Duguay","Peter Weller"
"Screwed","Scott Alexander","Scott Alexander","Norm MacDonald"
"Se7en","Andrew Walker","David Fincher","Morgan Freeman"
"The Sea Hawk","Howard Koch","Michael Curtiz","Errol Flynn"
"Seabiscuit","Laura Hillenbrand","Gary Ross","David McCullough"
"The Searchers"," Le","John Ford","John Wayne"
"Secondhand Lions","Tim McCanlies","Tim McCanlies","Michael Caine"
"Secret Window","Stephen King","David Koepp","Johnny Depp"
"Secrets & Lies","Mike Leigh","Mike Leigh","Timothy Spall"
"See Spot Run","Dan Baron","John Whitesell","David Arquette"
"Seed of Chucky","Don Mancini","Don Mancini","Brad Dourif"
"Selena","Gregory Nava","Gregory Nava","Jennifer Lopez"
"Sense and Sensibility","Jane Austen","Ang Lee","James Fleet"
"September","Woody Allen","Woody Allen","Denholm Elliott"
"Serendipity","Marc Klein","Peter Chelsom","John Cusack"
"Sergeant York","Harry Chandlee","Howard Hawks","Gary Cooper"
"Serial Mom","John Waters","John Waters","Kathleen Turner"
"The Serpent and the Rainbow","Wade Davis","Wes Craven","Bill Pullman"
"Serving Sara","David Ronn","Reginald Hudlin","Matthew Perry"
"Session 9","Brad Anderson","Brad Anderson","David Caruso"
"Set It Off","Takashi Bufford","F. Gray","Pinkett"
"Seven Days in May"," Bailey","John Frankenheimer","Burt Lancaster"
"The Seven Year Itch","George Axelrod","Billy Wilder","Marilyn Monroe"
"Seven Years in Tibet","Heinrich Harrer","Jean-Jacques Annaud","Brad Pitt"
"Lies Sex"," "," ",""
"Sgt. Bilko","Andy Breckman","Jonathan Lynn","Steve Martin"
"Sgt. Pepper's Lonely Hearts Club Band","Henry Edwards","Michael Schultz","Peter Frampton"
"Shade","Damian Nieman","Damian Nieman","Joe Nicolo"
"Shadow Conspiracy","Ric Gibbs","George Cosmatos","Charlie Sheen"
"Shadow of the Vampire","Steven Katz","E. Merhige","John Malkovich"
"The Shadow","Walter Gibson","Russell Mulcahy","Alec Baldwin"
"Shadows and Fog"," "," ",""
"Shaft","John Black","Gordon Parks","Richard Roundtree"
"Shaft","Richard Price","John Singleton","Samuel Jackson"
"Shakes the Clown"," "," ",""
"Shakespeare in Love","Marc Norman","John Madden","Geoffrey Rush"
"Shall We Dance","Masayuki Suo","Peter Chelsom","Richard Gere"
"Shallow Grave","John Hodge","Danny Boyle","Kerry Fox"
"Shallow Hal","Bobby Farrelly","Bobby Farrelly","Gwyneth Paltrow"
"Shanghai Knights","Alfred Gough","David Dobkin","Jackie Chan"
"Shanghai Noon","Alfred Gough","Tom Dey","Jackie Chan"
"Shanghai Surprise","Robert Bentley","Jim Goddard","Sean Penn"
"The Shape of Things","Neil LaBute","Neil LaBute","Gretchen Mol"
"Shark Tale","Scott Aukerman","Bibo Bergeron","Will Smith"
"Shattered Glass","Buzz Bissinger","Billy Ray","Hayden Christensen"
"Shaun of the Dead","Simon Pegg","Edgar Wright","Simon Pegg"
"The Shawshank Redemption","Frank Darabont","Frank Darabont","Tim Robbins"
"She Wore a Yellow Ribbon","James Bellah","John Ford","John Wayne"
"She's All That"," Fleming","Robert Iscove","Prinze"
"She's Gotta Have It","Spike Lee","Spike Lee","Tracy Johns"
"She's So Lovely","John Cassavetes","Nick Cassavetes","Sean Penn"
"She's the One","Edward Burns","Edward Burns","John Mahoney"
"Sheena","S.M. Eiger","John Guillermin","Tanya Roberts"
"Shichinin no samurai"," "," ",""
"Shine","Scott Hicks","Scott Hicks","Geoffrey Rush"
"The Shining","Diane Johnson","Stanley Kubrick","Jack Nicholson"
"The Shipping News"," "," ",""
"Shooting Fish","Richard Holmes","Stefan Schwartz","Rowena Cooper"
"Show Boat","Edna Ferber","George Sidney","Kathryn Grayson"
"Showgirls","Joe Eszterhas","Paul Verhoeven","Elizabeth Berkley"
"Showtime","Alfred Gough","Tom Dey","De"
"Shrek","Cody Cameron","Andrew Adamson","Mike Myers"
"Shrek 2","Andrew Adamson","Andrew Adamson","Mike Myers"
"Sibirskiy tsiryulnik","Rustam Ibragimbekov","Nikita Mikhalkov","Julia Ormond"
"Sid and Nancy","Alex Cox","Alex Cox","Gary Oldman"
"Sidewalks of New York","Edward Burns","Edward Burns","Penny Balfour"
"Sideways","Alexander Payne","Alexander Payne","Paul Giamatti"
"The Siege","Menno Meyjes","Edward Zwick","Denzel Washington"
"Signs","M. Shyamalan","M. Shyamalan","Mel Gibson"
"The Silence of the Lambs","Thomas Harris","Jonathan Demme","Jodie Foster"
"Silent Movie","Mel Brooks","Mel Brooks","Mel Brooks"
"Il Silenzio dei prosciutti"," "," ",""
"Silver Bullet","Stephen King","Daniel Attias","Gary Busey"
"Silverado","Lawrence Kasdan","Lawrence Kasdan","Kevin Kline"
"Simon Birch","John Irving","Mark Johnson","Joseph Mazzello"
"A Simple Plan","Scott Smith","Sam Raimi","Bill Paxton"
"Simply Irresistible","Judith Roberts","Mark Tarlov","Sarah Gellar"
"Sin City","Frank Miller","Frank Miller","Jessica Alba"
"Sinbad: Legend of the Seven Seas","John Logan","Patrick Gilmore","Brad Pitt"
"La Sindrome di Stendhal"," "," ",""
"Singin' in the Rain","Betty Comden","Stanley Donen","Gene Kelly"
"The Singing Detective","Dennis Potter","Keith Gordon","Downey"
"Sinnui yauman"," "," ",""
"Sisters"," De"," De","Margot Kidder"
"Siunin Wong Fei-hung tsi titmalau"," "," ",""
"Six Days Seven Nights","Michael Browning","Ivan Reitman","Harrison Ford"
"Six-String Samurai","Jeffrey Falcon","Lance Mungia","Jeffrey Falcon"
"Sixteen Candles","John Hughes","John Hughes","Molly Ringwald"
"The Sixth Sense","M. Shyamalan","M. Shyamalan","Bruce Willis"
"Det Sjunde inseglet"," "," ",""
"The Skulls","John Pogue","Rob Cohen","Joshua Jackson"
"Sky Captain and the World of Tomorrow","Kerry Conran","Kerry Conran","Gwyneth Paltrow"
"Slacker","Richard Linklater","Richard Linklater","Richard Linklater"
"Slackers","David Steinberg","Dewey Nicks","Devon Sawa"
"Slap Her... She's French"," "," ",""
"Sleepaway Camp","Robert Hiltzik","Robert Hiltzik","Felissa Rose"
"Sleeper","Woody Allen","Woody Allen","Woody Allen"
"Sleepers","Lorenzo Carcaterra","Barry Levinson","Kevin Bacon"
"Sleeping Beauty","Milt Banta","Clyde Geronimi","Mary Costa"
"The Sleeping Dictionary","Guy Jenkin","Guy Jenkin","Jessica Alba"
"Sleepless in Seattle","Jeff Arch","Nora Ephron","Tom Hanks"
"Sleepover","Elisa Bell","Joe Nussbaum","Alexa PenaVega"
"Sleepy Hollow","Washington Irving","Tim Burton","Johnny Depp"
"Slums of Beverly Hills","Tamara Jenkins","Tamara Jenkins","Natasha Lyonne"
"Small Soldiers","Ted Elliott","Joe Dante","David Cross"
"Small Time Crooks","Woody Allen","Woody Allen","Woody Allen"
"Smilla's Sense of Snow","Ann Biderman","Bille August","Ona Fletcher"
"Smoke","Paul Auster","Paul Auster","Giancarlo Esposito"
"Smoke Signals","Sherman Alexie","Chris Eyre","Adam Beach"
"Snake Eyes"," De"," De","Nicolas Cage"
"Snatch.","Guy Ritchie","Guy Ritchie","Del"
"Snow Day","Will McRobb","Chris Koch","Chris Elliott"
"Snow Dogs","Mark Gibson","Brian Levant","Gooding"
"Snow Falling on Cedars","Ronald Bass","Scott Hicks","Ethan Hawke"
"Snow White and the Seven Dwarfs","Dorothy Blank","William Cottrell","Roy Atwell"
"Solaris","Stanislaw Lem","Steven Soderbergh","George Clooney"
"Soldier"," "," ",""
"Some Like It Hot","I.A.L. Diamond","Billy Wilder","Marilyn Monroe"
"Someone Like You...","Elizabeth Chandler","Tony Goldwyn","Ashley Judd"
"Something Wicked This Way Comes","Ray Bradbury","Jack Clayton","Jason Robards"
"Sometimes They Come Back... Again"," "," ",""
"Somewhere in Time","Richard Matheson","Jeannot Szwarc","Christopher Reeve"
"Son of the Mask","Lance Khazei","Lawrence Guterman","Jamie Kennedy"
"The Song of Bernadette","George Seaton","Henry King","Jennifer Jones"
"Songcatcher","Maggie Greenwald","Maggie Greenwald","Janet McTeer"
"Sorcerer","Georges Arnaud","William Friedkin","Roy Scheider"
"Sorority Boys","Greg Coolidge","Wallace Wolodarsky","Barry Watson"
"Soul Food"," Tillman"," Tillman","Vanessa Williams"
"Soul Plane","Chuck Wilson","Jessy Terrero","Tom Arnold"
"Soul Survivors","Stephen Carpenter","Stephen Carpenter","Melissa Sagemiller"
"The Sound of Music","Russel Crouse","Robert Wise","Julie Andrews"
"South Pacific"," Hammerstein","Joshua Logan","Rossano Brazzi"
"South Park: Bigger Longer & Uncut","Pam Brady","Trey Parker","Trey Parker"
"Space Cowboys","Ken Kaufman","Clint Eastwood","Clint Eastwood"
"Space Jam","Leo Benvenuti","Joe Pytka","Michael Jordan"
"Space Truckers","Stuart Gordon","Stuart Gordon","Tim Loane"
"Spaceballs","Mel Brooks","Mel Brooks","Mel Brooks"
"Spacehunter: Adventures in the Forbidden Zone","Len Blum","Lamont Johnson","Peter Strauss"
"Spanglish","James Brooks","James Brooks","Adam Sandler"
"Spanking the Monkey","David Russell","David Russell","Jeremy Davies"
"Spartacus","Howard Fast","Stanley Kubrick","Kirk Douglas"
"Spawn"," "," ",""
"The Specialist","Alexandra Seros","Luis Llosa","Sylvester Stallone"
"Species","Dennis Feldman","Roger Donaldson","Ben Kingsley"
"Speed","Graham Yost"," de","Keanu Reeves"
"Speed 2: Cruise Control"," de"," de","Sandra Bullock"
"Spellbound","Frances Beeding","Alfred Hitchcock","Ingrid Bergman"
"Sphere","Paul Attanasio","Barry Levinson","Dustin Hoffman"
"Spice World","Jamie Curtis","Bob Spiers","Melanie Brown"
"Spider","Patrick McGrath","David Cronenberg","Ralph Fiennes"
"Spider-Man","Steve Ditko","Sam Raimi","Tobey Maguire"
"Spider-Man 2","Michael Chabon","Sam Raimi","Tobey Maguire"
"Spies Like Us","Dan Aykroyd","John Landis","Chevy Chase"
"The Spirit of St. Louis","Charles Lederer","Billy Wilder","James Stewart"
"Spirit: Stallion of the Cimarron","John Fusco","Kelly Asbury","Matt Damon"
"The Spitfire Grill","Lee Zlotoff","Lee Zlotoff","Alison Elliott"
"Splash","Bruce Friedman","Ron Howard","Tom Hanks"
"Split Second","Gary Thompson","Tony Maylam","Rutger Hauer"
"The SpongeBob SquarePants Movie","Derek Drymon","Stephen Hillenburg","Tom Kenny"
"Spun"," "," ",""
"Spy Game","David Arata","Tony Scott","Robert Redford"
"Spy Hard","Dick Chudnow","Rick Friedberg","Leslie Nielsen"
"Spy Kids","Robert Rodriguez","Robert Rodriguez","Antonio Banderas"
"Spy Kids 2: Island of Lost Dreams","Robert Rodriguez","Robert Rodriguez","Antonio Banderas"
"Spy Kids 3-D: Game Over","Robert Rodriguez","Robert Rodriguez","Antonio Banderas"
"The Spy Who Loved Me","Ian Fleming","Lewis Gilbert","Roger Moore"
"Stage Door","Edna Ferber"," La","Katharine Hepburn"
"Stagecoach","Ernest Haycox","John Ford","Claire Trevor"
"Stalag 17","Donald Bevan","Billy Wilder","William Holden"
"Stand by Me","Bruce Evans","Rob Reiner","Wil Wheaton"
"A Star Is Born","Alan Campbell","Jack Conway","Janet Gaynor"
"A Star Is Born","Alan Campbell","George Cukor","Judy Garland"
"A Star Is Born","Jonathan Axelrod","Frank Pierson","Barbra Streisand"
"Star Trek III: The Search for Spock","Harve Bennett","Leonard Nimoy","William Shatner"
"Star Trek IV: The Voyage Home","Harve Bennett","Leonard Nimoy","William Shatner"
"Star Trek V: The Final Frontier","Harve Bennett","William Shatner","William Shatner"
"Star Trek VI: The Undiscovered Country","Denny Flinn","Nicholas Meyer","William Shatner"
"Star Trek: First Contact","Rick Berman","Jonathan Frakes","Patrick Stewart"
"Star Trek: Generations","Rick Berman","David Carson","Patrick Stewart"
"Star Trek: Insurrection","Rick Berman","Jonathan Frakes","Patrick Stewart"
"Star Trek: Nemesis","Rick Berman","Stuart Baird","Patrick Stewart"
"Star Trek: The Motion Picture","Alan Foster","Robert Wise","William Shatner"
"Star Trek: The Wrath of Khan","Harve Bennett","Nicholas Meyer","William Shatner"
"Star Wars","George Lucas","George Lucas","Mark Hamill"
"Star Wars: Episode I - The Phantom Menace","George Lucas","George Lucas","Liam Neeson"
"Star Wars: Episode II - Attack of the Clones","Jonathan Hales","George Lucas","Ewan McGregor"
"Star Wars: Episode V - The Empire Strikes Back","Leigh Brackett","Irvin Kershner","Mark Hamill"
"Star Wars: Episode VI - Return of the Jedi","Lawrence Kasdan","Richard Marquand","Mark Hamill"
"Stardust Memories","Woody Allen","Woody Allen","Woody Allen"
"Stargate","Dean Devlin","Roland Emmerich","Kurt Russell"
"Starman","Bruce Evans","John Carpenter","Jeff Bridges"
"Starship Troopers","Robert Heinlein","Paul Verhoeven","Van"
"Starsky & Hutch","Scot Armstrong","Todd Phillips","Ben Stiller"
"The Statement","Ronald Harwood","Norman Jewison","Michael Caine"
"The Station Agent","Tom McCarthy","Tom McCarthy","Peter Dinklage"
"Stealing Harvard","Martin Hynes","Bruce McCulloch","Jason Lee"
"Steel","Jon Bogdanove","Kenneth Johnson","Shaquille O'Neal"
"The Stepford Wives","Ira Levin","Frank Oz","Nicole Kidman"
"Stepmom","Ronald Bass","Chris Columbus","Julia Roberts"
"Stigmata","Tom Lazarus","Rupert Wainwright","Patricia Arquette"
"The Sting","David Ward","George Hill","Paul Newman"
"Stir of Echoes","David Koepp","David Koepp","Zachary Cope"
"Stolen Summer","Pete Jones","Pete Jones","Aidan Quinn"
"The Story of Us","Jessie Nelson","Rob Reiner","Bruce Willis"
"The Straight Story","John Roach","David Lynch","Sissy Spacek"
"Strange Days","James Cameron","Kathryn Bigelow","Ralph Fiennes"
"Strangeland","Dee Snider","John Pieplow","Kevin Gage"
"Stranger Than Paradise"," ","Jim Jarmusch",""
"Strangers on a Train","Raymond Chandler","Alfred Hitchcock","Farley Granger"
"Straw Dogs","David Goodman","Sam Peckinpah","Dustin Hoffman"
"A Streetcar Named Desire","Oscar Saul","Elia Kazan","Vivien Leigh"
"Streets of Fire","Larry Gross","Walter Hill","Bill Murray"
"Stripes","Len Blum","Ivan Reitman","Bill Murray"
"Striptease","Andrew Bergman","Andrew Bergman","Demi Moore"
"Stuart Little","Greg Brooker","Rob Minkoff","Michael Fox"
"Stuart Little 2","Bruce Rubin","Rob Minkoff","Michael Fox"
"The Stuff","Larry Cohen","Larry Cohen","Michael Moriarty"
"The Stupids","Harry Allard","John Landis","Tom Arnold"
"Suddenly  Last Summer","Gore Vidal","Joseph Mankiewicz","Elizabeth Taylor"
"Sugar & Spice","Mandy Nelson","Francine McDougall","Marla Sokoloff"
"The Sugarland Express","Hal Barwood","Steven Spielberg","Goldie Hawn"
"Suicide Kings","Gina Goldman","Peter O'Fallon","Mark Watson"
"Sullivan's Travels","Preston Sturges","Preston Sturges","Joel McCrea"
"The Sum of All Fears","Paul Attanasio","Phil Robinson","Ian Mongrain"
"Summer Catch","Kevin Falls","Michael Tollin","Prinze"
"Summer of Sam","Victor Colicchio","Spike Lee","John Leguizamo"
"Sunset Blvd.","Charles Brackett","Billy Wilder","William Holden"
"Sunshine State","John Sayles","John Sayles","Alex Lewis"
"Super Mario Bros.","Parker Bennett","Annabel Jankel","Bob Hoskins"
"Super Size Me","Morgan Spurlock","Morgan Spurlock","Chemeeka Walker"
"Super Troopers"," "," ",""
"Supergirl","Otto Binder","Jeannot Szwarc","Faye Dunaway"
"Superman","Robert Benton","Richard Donner","Marlon Brando"
"Superman II","Tom Mankiewicz","Richard Donner","Gene Hackman"
"Superstar","Steve Koren","Bruce McCulloch","Molly Shannon"
"Surviving Picasso","Arianna Huffington","James Ivory","Anthony Hopkins"
"Suspect Zero","Zak Penn","E. Merhige","Aaron Eckhart"
"Swamp Thing","Wes Craven","Wes Craven","Louis Jourdan"
"The Swarm"," Herzog","Irwin Allen","Michael Caine"
"Sweet Charity","Federico Fellini","Bob Fosse","Shirley MacLaine"
"Sweet Home Alabama","C. Cox","Andy Tennant","Reese Witherspoon"
"Sweet November","Herman Raucher","Pat O'Connor","Keanu Reeves"
"The Sweetest Thing","Nancy Pimental","Roger Kumble","Lillian Adams"
"Swept Away","Guy Ritchie","Guy Ritchie","Bruce Greenwood"
"Swimfan","Charles Bohl","John Polson","Jesse Bradford"
"Swimming with Sharks","George Huang","George Huang","Kevin Spacey"
"Swing Time","Erwin Gelsey","George Stevens","Fred Astaire"
"Swingers","Jon Favreau","Doug Liman","Jon Favreau"
"Swiri","Je-kyu Kang","Je-kyu Kang","Suk-kyu Han"
"Switchback","Jeb Stuart","Jeb Stuart","Claudia Stedelin"
"Swordfish","Skip Woods","Dominic Sena","John Travolta"
"THX 1138","George Lucas","George Lucas","Robert Duvall"
"Tadpole"," "," ",""
"Taegukgi hwinalrimyeo","Richard Epcar","Je-kyu Kang","Dong-gun Jang"
"The Tailor of Panama","John Boorman","John Boorman","Pierce Brosnan"
"Take the Money and Run","Woody Allen","Woody Allen","Woody Allen"
"The Talented Mr. Ripley","Patricia Highsmith","Anthony Minghella","Matt Damon"
"Talk Radio","Eric Bogosian","Oliver Stone","Eric Bogosian"
"Tang shan da xiong","Wei Lo","Wei Lo","Bruce Lee"
"Tango & Cash","Randy Feldman","Andrey Konchalovskiy","Sylvester Stallone"
"Tank Girl","Jamie Hewlett","Rachel Talalay","Lori Petty"
"Targets","Peter Bogdanovich","Peter Bogdanovich","Tim O'Kelly"
"Tart","Christina Wayne","Christina Wayne","Dominique Swain"
"Tarzan","Stephen Anderson","Chris Buck","Brian Blessed"
"Taxi Driver","Paul Schrader","Martin Scorsese","Diahnne Abbott"
"Tea with Mussolini","John Mortimer","Franco Zeffirelli","(I) Cher"
"Teaching Mrs. Tingle","Kevin Williamson","Kevin Williamson","Helen Mirren"
"Team America: World Police","Pam Brady","Trey Parker","Trey Parker"
"Tears of the Sun","Patrick Cirillo","Antoine Fuqua","Bruce Willis"
"Ted Bundy","Matthew Bright","Matthew Bright","Michael Burke"
"Teen Wolf Too","Tim Kring","Christopher Leitch","Jason Bateman"
"Teenage Mutant Ninja Turtles","Kevin Eastman","Steve Barron","Judith Hoag"
"Teenage Mutant Ninja Turtles II: The Secret of the Ooze","Kevin Eastman","Michael Pressman","Paige Turco"
"Telling Lies in America","Joe Eszterhas","Guy Ferland","Kevin Bacon"
"The Temp","Tom Engelman","Tom Holland","Timothy Hutton"
"The Ten Commandments","Fredric Frank","Cecil DeMille","Charlton Heston"
"The Terminal","Sacha Gervasi","Steven Spielberg","Tom Hanks"
"Terminator 2: Judgment Day","James Cameron","James Cameron","Arnold Schwarzenegger"
"Terminator 3: Rise of the Machines","John Brancato","Jonathan Mostow","Arnold Schwarzenegger"
"The Terminator","James Cameron","James Cameron","Arnold Schwarzenegger"
"The Texas Chain Saw Massacre","Kim Henkel","Tobe Hooper","Marilyn Burns"
"The Texas Chainsaw Massacre 2","L.M. Carson","Tobe Hooper","Dennis Hopper"
"The Texas Chainsaw Massacre","Kim Henkel","Marcus Nispel","Jessica Biel"
"Texas Rangers","Scott Busby","Steve Miner","Beek Van"
"That Thing You Do!","Tom Hanks","Tom Hanks","Everett"
"Thelma & Louise","Callie Khouri","Ridley Scott","Susan Sarandon"
"There's Something About Mary","Ed Decter","Bobby Farrelly","Cameron Diaz"
"They","Brendan Hood","Robert Harmon","Laura Regan"
"They Died with Their Boots On","Lenore Coffee","Raoul Walsh","Errol Flynn"
"They Drive by Night","A.I. Bezzerides","Raoul Walsh","George Raft"
"They Live","John Carpenter","John Carpenter","Roddy Piper"
"The Thin Red Line","James Jones","Terrence Malick","Nick Nolte"
"The Thing Called Love","Carol Heikkinen","Peter Bogdanovich","River Phoenix"
"The Thing"," Campbell","John Carpenter","Kurt Russell"
"Things to Do in Denver When You're Dead","Scott Rosenberg","Gary Fleder","Andy Garcia"
"Thir13en Ghosts","Richard D'Ovidio","Steve Beck","Tony Shalhoub"
"Thirteen","Catherine Hardwicke","Catherine Hardwicke","Nikki Reed"
"Thirteen Conversations About One Thing","Jill Sprecher","Jill Sprecher","Matthew McConaughey"
"Thirteen Days","Ernest May","Roger Donaldson","Shawn Driscoll"
"The Thirteenth Floor","Ravel Centeno-Rodriguez","Josef Rusnak","Craig Bierko"
"This Island Earth","George Callahan","Joseph Newman","Jeff Morrow"
"The Thomas Crown Affair","Alan Trustman","Norman Jewison","Steve McQueen"
"The Thomas Crown Affair","Leslie Dixon","John McTiernan","Pierce Brosnan"
"Thoroughly Modern Millie","Richard Morris","George Hill","Julie Andrews"
"Those Magnificent Men in Their Flying Machines  or How I Flew from London to Paris in 25 hours 11 minutes"," "," ",""
"Three Fugitives","Francis Veber","Francis Veber","Nick Nolte"
"Three Kings","John Ridley","David Russell","George Clooney"
"Three to Tango"," Brosh","Damon Santostefano","Matthew Perry"
"Thunderball","Ian Fleming","Terence Young","Sean Connery"
"Thunderbirds","Gerry Anderson","Jonathan Frakes","Brady Corbet"
"Thunderbolt and Lightfoot","Michael Cimino","Michael Cimino","Clint Eastwood"
"The Tigger Movie","Jun Falkenstein","Jun Falkenstein","Jim Cummings"
"Time Bandits","Terry Gilliam","Terry Gilliam","John Cleese"
"The Time Machine","David Duncan","George Pal","Rod Taylor"
"The Time Machine","David Duncan","Simon Wells","Guy Pearce"
"A Time to Kill","Akiva Goldsman","Joel Schumacher","Matthew McConaughey"
"Timecode","Mike Figgis","Mike Figgis","Xander Berkeley"
"Timeline","Michael Crichton","Richard Donner","Paul Walker"
"Tin Cup","John Norville","Ron Shelton","Kevin Costner"
"Tin Men","Barry Levinson","Barry Levinson","Richard Dreyfuss"
"Titan A.E.","John August","Don Bluth","Matt Damon"
"Titanic","James Cameron","James Cameron","Leonardo DiCaprio"
"To Catch a Thief","Alec Coppel","Alfred Hitchcock","Cary Grant"
"To Die For","Buck Henry"," Van","Nicole Kidman"
"To Kill a Mockingbird","Horton Foote","Robert Mulligan","Gregory Peck"
"To Sir  with Love","E.R. Braithwaite","James Clavell","Sidney Poitier"
"Tom Jones","Henry Fielding","Tony Richardson","George Devine"
"Tomcats","Gregory Poirier","Gregory Poirier","Jerry O'Connell"
"Tommy","John Entwistle","Ken Russell","Oliver Reed"
"Tomorrow Never Dies","Bruce Feirstein","Roger Spottiswoode","Pierce Brosnan"
"Top Gun","Jim Cash","Tony Scott","Tom Cruise"
"Top Hat"," "," ",""
"Topaz","Samuel Taylor","Alfred Hitchcock","Frederick Stafford"
"El Topo"," "," ",""
"Tora! Tora! Tora!","Ladislas Farago","Richard Fleischer","Martin Balsam"
"Torn Curtain","Willis Hall","Alfred Hitchcock","Paul Newman"
"Torque","Matt Johnson","Joseph Kahn","John Ashker"
"Total Recall","Philip Dick","Paul Verhoeven","Arnold Schwarzenegger"
"Touch of Evil","Franklin Coen","Orson Welles","Charlton Heston"
"The Towering Inferno","Frank Robinson","John Guillermin","Steve McQueen"
"Town & Country","Buck Henry","Peter Chelsom","Warren Beatty"
"Toy Story","Joel Cohen","John Lasseter","Tom Hanks"
"Toy Story 2","Ash Brannon","Ash Brannon","Tom Hanks"
"Traffic","Stephen Gaghan","Steven Soderbergh","Del"
"The Train","Walter Bernstein","John Frankenheimer","Burt Lancaster"
"Training Day","David Ayer","Antoine Fuqua","Denzel Washington"
"Trainspotting","John Hodge","Danny Boyle","Ewan McGregor"
"Trapped","Greg Iles","Luis Mandoki","Charlize Theron"
"Trauma","Dario Argento","Dario Argento","Christopher Rydell"
"Treasure Planet","Ron Clements","Ron Clements","Roscoe Browne"
"The Treasure of the Sierra Madre","John Huston","John Huston","Humphrey Bogart"
"Trees Lounge","Steve Buscemi","Steve Buscemi","Carol Kane"
"Trekkies"," ","Roger Nygard","Denise Crosby"
"Tremors","Brent Maddock","Ron Underwood","Kevin Bacon"
"The Trigger Effect","James Burke","David Koepp","Kyle MacLachlan"
"Les Triplettes de Belleville"," "," ",""
"Tromeo and Juliet","Andrew Deemer","Lloyd Kaufman","Jane Jensen"
"Tron"," "," ",""
"Trouble in Paradise","Grover Jones","Ernst Lubitsch","Miriam Hopkins"
"The Trouble with Harry","John Hayes","Alfred Hitchcock","Edmund Gwenn"
"Troy","David Benioff","Wolfgang Petersen","Julian Glover"
"True Lies","James Cameron","James Cameron","Arnold Schwarzenegger"
"True Romance","Roger Avary","Tony Scott","Christian Slater"
"The Truman Show","Andrew Niccol","Peter Weir","Jim Carrey"
"Tuck Everlasting","Natalie Babbitt","Jay Russell","Alexis Bledel"
"Tucker: The Man and His Dream","Arnold Schulman","Francis Coppola","Jeff Bridges"
"Tumbleweeds","Gavin O'Connor","Gavin O'Connor","Janet McTeer"
"The Tuxedo","Phil Hay","Kevin Donovan","Jackie Chan"
"Twelve Monkeys"," "," ",""
"Twilight Zone: The Movie","Jerome Bixby","Joe Dante","Dan Aykroyd"
"Twin Falls Idaho","Mark Polish","Michael Polish","Mark Polish"
"Twin Peaks: Fire Walk with Me","Robert Engels","David Lynch","Sheryl Lee"
"Twin Town","Kevin Allen","Kevin Allen","Llyr Ifans"
"Twins","William Davies","Ivan Reitman","Arnold Schwarzenegger"
"Twister","Michael Crichton"," de","Helen Hunt"
"Two Can Play That Game"," "," ",""
"Two Girls and a Guy","James Toback","James Toback","Gregson"
"Two Weeks Notice","Marc Lawrence","Marc Lawrence","Sandra Bullock"
"Two for the Road","Frederic Raphael","Stanley Donen","Audrey Hepburn"
"Two-Lane Blacktop","Will Corry","Monte Hellman","James Taylor"
"U Turn","John Ridley","Oliver Stone","Sean Penn"
"U-571","David Ayer","Jonathan Mostow","Matthew McConaughey"
"U.S. Marshals","Roy Huggins","Stuart Baird","Tommy Jones"
"UHF","Charles Holloway","Jay Levey","Yankovic"
"L' Uccello dalle piume di cristallo"," "," ",""
"Ulee's Gold","Victor Nunez","Victor Nunez","Peter Fonda"
"Ultimo tango a Parigi","Franco Arcalli","Bernardo Bertolucci","Marlon Brando"
"Unbreakable","M. Shyamalan","M. Shyamalan","Bruce Willis"
"Under Siege","J.F. Lawton","Andrew Davis","Steven Seagal"
"Under Siege 2: Dark Territory","Richard Hatem","Geoff Murphy","Steven Seagal"
"Under Suspicion","Michel Audiard","Frances Mayes","Diane Lane"
"Undercover Brother","Michael McCullers","Malcolm Lee","Eddie Griffin"
"Underneath","Daniel Fuchs","Steven Soderbergh","Peter Gallagher"
"Undisputed","David Giler","Walter Hill","Wesley Snipes"
"Une femme est une femme"," "," ",""
"Die Unendliche Geschichte"," "," ",""
"Unfaithful"," Broyles","Adrian Lyne","Diane Lane"
"Unforgettable","Bill Geddie","John Dahl","Ray Liotta"
"The Unforgiven"," Le","John Huston","Burt Lancaster"
"Universal Soldier","Dean Devlin","Roland Emmerich","Van"
"The Unsaid","Christopher Murphey","Tom McLoughlin","Andy Garcia"
"The Untouchables","Oscar Fraley"," De","Kevin Costner"
"Up Close & Personal","Joan Didion","Jon Avnet","Robert Redford"
"The Upside of Anger","Mike Binder","Mike Binder","Joan Allen"
"Urban Legend","Silvio Horta","Jamie Blanks","Jared Leto"
"Urban Legends: Final Cut","Paul Boardman","John Ottman","Jennifer Morrison"
"Urbania","Daniel Reitz","Jon Shear","Dan Futterman"
"The Usual Suspects","Christopher McQuarrie","Bryan Singer","Stephen Baldwin"
"Utomlyonnye solntsem","Rustam Ibragimbekov","Nikita Mikhalkov","Oleg Menshikov"
"Valentine","Gretchen Berg","Jamie Blanks","Denise Richards"
"Valley Girl","Wayne Crawford","Martha Coolidge","Nicolas Cage"
"Valley of the Dolls","Helen Deutsch","Mark Robson","Barbara Parkins"
"Vampire in Brooklyn","Michael Lucker","Wes Craven","Eddie Murphy"
"Vampires","Don Jakoby","John Carpenter","James Woods"
"Van Helsing","Stephen Sommers","Stephen Sommers","Hugh Jackman"
"Van Wilder","Brent Goldberg","Walt Becker","Ryan Reynolds"
"Vanilla Sky"," "," ",""
"Vanity Fair","Matthew Faulk","Mira Nair","Gabriel Byrne"
"Varsity Blues","W. Iliff","Brian Robbins","Beek Van"
"Vatel","Jeanne Labrune","Martha Coolidge","Nicolas Cage"
"Vera Cruz","Borden Chase","Robert Aldrich","Gary Cooper"
"Veronica Guerin","Mary Donoghue","Joel Schumacher","Cate Blanchett"
"Vertical Limit","Terry Hayes","Martin Campbell","Chris O'Donnell"
"Vertigo","Maxwell Anderson","Alfred Hitchcock","James Stewart"
"Very Bad Things","Peter Berg","Peter Berg","Jon Favreau"
"A Very Brady Sequel","James Berg","Arlene Sanford","Shelley Long"
"Videodrome","David Cronenberg","David Cronenberg","James Woods"
"A View to a Kill","Ian Fleming","John Glen","Roger Moore"
"The Vikings","Edison Marshall","Richard Fleischer","Kirk Douglas"
"Village of the Damned","Ronald Kinnoch","Wolf Rilla","George Sanders"
"Village of the Damned","David Himmelstein","John Carpenter","Christopher Reeve"
"The Village","M. Shyamalan","M. Shyamalan","Bryce Howard"
"Le Violon rouge"," "," ",""
"The Virgin Suicides","Sofia Coppola","Sofia Coppola","James Woods"
"Virtuosity","Eric Bernt","Brett Leonard","Denzel Washington"
"Vivre sa vie: Film en douze tableaux","Jean-Luc Godard","Jean-Luc Godard","Anna Karina"
"Vizontele","Yilmaz Erdogan","Yilmaz Erdogan","Yilmaz Erdogan"
"Volcano","Jerome Armstrong","Mick Jackson","Tommy Jones"
"Vor","Pavel Chukhray","Pavel Chukhray","Vladimir Mashkov"
"Wag the Dog","Larry Beinhart","Barry Levinson","Dustin Hoffman"
"Wait Until Dark","Jane-Howard Carrington","Terence Young","Audrey Hepburn"
"Waiting for Guffman","Christopher Guest","Christopher Guest","Deborah Theaker"
"Waiting to Exhale","Ronald Bass","Forest Whitaker","Whitney Houston"
"Waking Ned","Kirk Jones","Kirk Jones","Ian Bannen"
"A Walk in the Clouds"," de","Alfonso Arau","Keanu Reeves"
"A Walk on the Moon","Pamela Gray","Tony Goldwyn","Bobby Boriello"
"A Walk to Remember","Karen Janszen","Adam Shankman","Shane West"
"Walking Tall","Mort Briskin","Kevin Bray","Michael Bowen"
"Walking and Talking","Nicole Holofcener","Nicole Holofcener","Amy Braverman"
"Wall Street","Oliver Stone","Oliver Stone","Charlie Sheen"
"War and Peace","Bridget Boland","King Vidor","Audrey Hepburn"
"The War of the Worlds"," "," ",""
"WarGames","Walon Green","John Badham","Matthew Broderick"
"Warlock","David Twohy","Steve Miner","Julian Sands"
"Warlock: The Armageddon","Sam Bernard","Anthony Hickox","Julian Sands"
"The Wash","DJ Pooh","DJ Pooh","Anthony Albano"
"The Watcher"," "," ",""
"The Waterboy","Tim Herlihy","Frank Coraci","Adam Sandler"
"Waterworld","Peter Rader","Kevin Reynolds","Kevin Costner"
"The Way of the Gun","Christopher McQuarrie","Christopher McQuarrie","Ryan Phillippe"
"We Don't Live Here Anymore","Andre Dubus","John Curran","Mark Ruffalo"
"We Were Soldiers","Joseph Galloway","Randall Wallace","Mel Gibson"
"We're No Angels","Albert Husson","Michael Curtiz","Humphrey Bogart"
"We're No Angels","Albert Husson","Neil Jordan","De"
"The Wedding Date","Dana Fox","Clare Kilner","Debra Messing"
"The Wedding Planner","Michael Ellis","Adam Shankman","Jennifer Lopez"
"Week End"," "," ",""
"The Weight of Water","Alice Arlen","Kathryn Bigelow","Ciary Hinds"
"Welcome to Collinwood","Anthony Russo","Anthony Russo","William Macy"
"Welcome to Mooseport","Doug Richardson","Donald Petrie","Gene Hackman"
"Welcome to Sarajevo"," Cottrell","Michael Winterbottom","Stephen Dillane"
"Welcome to the Dollhouse","Todd Solondz","Todd Solondz","Heather Matarazzo"
"Werewolf"," "," ",""
"West Side Story","Arthur Laurents","Jerome Robbins","Natalie Wood"
"What Dreams May Come","Ronald Bass","Vincent Ward","Robin Williams"
"What Ever Happened to Baby Jane?","Henry Farrell","Robert Aldrich","Bette Davis"
"What Lies Beneath","Clark Gregg","Robert Zemeckis","Michelle Pfeiffer"
"What Planet Are You From?","Michael Leeson","Mike Nichols","Garry Shandling"
"What Women Want","Diane Drake","Nancy Meyers","Mel Gibson"
"What a Girl Wants","Jenny Bicks","Dennie Gordon","Amanda Bynes"
"What's Eating Gilbert Grape","Peter Hedges","Sam Weisman","Martin Lawrence"
"What's the Worst That Could Happen?","Matthew Chapman","Sam Weisman","Martin Lawrence"
"Whatever It Takes","Mark Schwahn","David Raynr","Jodi O'Keefe"
"When Harry Met Sally...","Nora Ephron","Rob Reiner","Billy Crystal"
"When Worlds Collide"," "," ",""
"When a Stranger Calls","Steve Feke","Fred Walton","Carol Kane"
"Where the Heart Is","Lowell Ganz","Matt Williams","Natalie Portman"
"Where the Money Is","Carroll Cartwright","Marek Kanievska","Paul Newman"
"While You Were Sleeping","Fredric LeBow","Jon Turteltaub","Sandra Bullock"
"Whipped","Peter Cohen","Peter Cohen","Amanda Peet"
"White Oleander","Mary Donoghue","Peter Kosminsky","Amy Aquino"
"White Squall"," Gieg","Ridley Scott","Jeff Bridges"
"White Zombie","William Seabrook","Victor Halperin","Bela Lugosi"
"Who Framed Roger Rabbit","Jeffrey Price","Robert Zemeckis","Bob Hoskins"
"Who's Afraid of Virginia Woolf?","Edward Albee","Mike Nichols","Elizabeth Taylor"
"Who's That Knocking at My Door"," "," ",""
"The Whole Nine Yards","Mitchell Kapner","Jonathan Lynn","Bruce Willis"
"The Whole Ten Yards","George Gallo","Howard Deutch","Bruce Willis"
"The Whole Wide World","Novalyne Ellis","Dan Ireland","Vincent D'Onofrio"
"Wicker Park","Brandon Boyce","Paul McGuigan","Josh Hartnett"
"Wide Awake","M. Shyamalan","M. Shyamalan","Joseph Cross"
"The Wild Bunch","Walon Green","Sam Peckinpah","William Holden"
"The Wild Geese","Daniel Carney","Andrew McLaglen","Richard Burton"
"Wild Things","Stephen Peters","John McNaughton","Kevin Bacon"
"The Wild Thornberrys Movie","Kate Boutilier","Cathy Malkasian","Lacey Chabert"
"Wild Wild West","Brent Maddock","Barry Sonnenfeld","Will Smith"
"Wild at Heart","Barry Gifford","David Lynch","Nicolas Cage"
"Wilde","Richard Ellmann","Brian Gilbert","Stephen Fry"
"Willard","Stephen Gilbert","Glen Morgan","Crispin Glover"
"Willow","Bob Dolman","Ron Howard","Val Kilmer"
"Willy Wonka & the Chocolate Factory","Roald Dahl","Mel Stuart","Gene Wilder"
"Wimbledon","Adam Brooks","Richard Loncraine","Kirsten Dunst"
"Win a Date with Tad Hamilton!","Victor Levin","Robert Luketic","Kate Bosworth"
"The Wind and the Lion","John Milius","John Milius","Sean Connery"
"Windtalkers","Joe Batteer","John Woo","Nicolas Cage"
"Wing Commander","Kevin Droney","Chris Roberts","Prinze"
"Wings","Julian Johnson","Harry d'Arrast","Clara Bow"
"Wise Guys","George Gallo"," De","Danny DeVito"
"Wisegirls"," "," ",""
"Wishmaster","Peter Atkins","Robert Kurtzman","Tammy Lauren"
"Without Limits","Kenny Moore","Robert Towne","Billy Crudup"
"Without a Paddle","Harris Goldberg","Steven Brill","Matthew Price"
"Witness","William Kelley","Peter Weir","Harrison Ford"
"Witness for the Prosecution","Agatha Christie","Billy Wilder","Tyrone Power"
"The Wizard of Oz","L. Baum","George Cukor","Judy Garland"
"Wizards","Ralph Bakshi","Ralph Bakshi","Bob Holt"
"Wo hu cang long","Wang Du","Ang Lee","Yun-Fat Chow"
"Wolf","Jim Harrison","Mike Nichols","Jack Nicholson"
"The Wolf Man","Curt Siodmak","George Waggner","Chaney"
"Woman on Top","Vera Blasi","Fina Torres","PenMOV Cruz"
"Wonder Boys","Michael Chabon","Curtis Hanson","Michael Douglas"
"The Wood","Todd Boyd","Rick Famuyiwa","Elayn Taylor"
"Woodstock"," ","Michael Wadleigh","Richie Havens"
"The World Is Not Enough","Bruce Feirstein","Michael Apted","Pierce Brosnan"
"The Wraith","Mike Marvin","Mike Marvin","Charlie Sheen"
"The Wrong Man","Maxwell Anderson","Alfred Hitchcock","Henry Fonda"
"Wyatt Earp","Dan Gordon","Lawrence Kasdan","Kevin Costner"
"X","Robert Dillon","Roger Corman","Ray Milland"
"The X Files","Chris Carter","Rob Bowman","David Duchovny"
"X-Men","Tom DeSanto","Bryan Singer","Hugh Jackman"
"X2","Michael Dougherty","Bryan Singer","Patrick Stewart"
"Xanadu","Richard Danus","Robert Greenwald","Olivia Newton-John"
"The Yards","James Gray","James Gray","Mark Wahlberg"
"The Yearling","John Mahin","Clarence Brown","Gregory Peck"
"Yentl","Jack Rosenthal","Barbra Streisand","Barbra Streisand"
"Ying xiong","Feng Li","Yimou Zhang","Jet Li"
"You Can Count on Me","Kenneth Lonergan","Kenneth Lonergan","Laura Linney"
"You Can't Take It with You"," "," ",""
"You Got Served","Chris Stokes","Chris Stokes","Omarion Grandberry"
"You Only Live Twice","Harold Bloom","Lewis Gilbert","Sean Connery"
"You've Got Mail","Delia Ephron","Nora Ephron","Tom Hanks"
"Young Frankenstein","Mel Brooks","Mel Brooks","Gene Wilder"
"Young Guns","John Fusco","Christopher Cain","Emilio Estevez"
"Young Sherlock Holmes","Chris Columbus","Barry Levinson","Nicholas Rowe"
"Your Friends & Neighbors","Neil LaBute","Neil LaBute","Amy Brenneman"
"Yours  Mine and Ours","Helen Beardsley","Melville Shavelson","Lucille Ball"
"Yume"," "," ",""
"Zabriskie Point","Michelangelo Antonioni","Michelangelo Antonioni","Mark Frechette"
"Zardoz","John Boorman","John Boorman","Sean Connery"
"Zero Effect","Jake Kasdan","Jake Kasdan","Bill Pullman"
"Zivot je cudo","Ranko Bozic","Emir Kusturica","Slavko Stimac"
"The Zookeeper","Matthew Bishop","Ralph Ziman","Sam Neill"
"Zoolander","John Hamburg","Ben Stiller","Ben Stiller"
"xXx","Rich Wilkes","Rob Cohen","Vin Diesel"
"xXx: State of the Union","Simon Kinberg","Lee Tamahori","Willem Dafoe"